72,130,146,119,134,26,22,101,91,45,103,143,21,1,63,44,111,62,114,74,7,144,40,116,104,122,133,110,141,19,79,101
122,122,97,65,121,105,159,77,158,94,158,153,142,156,28,76,83,96,78,65,25,0,122,107,53,87,148,5,150,95,66,73
10,97,57,90,21,47,124,37,2,84,68,133,157,13,76,74,74,82,64,102,68,52,21,27,130,64,107,157,127,117,138,58
51,31,134,129,118,8,39,99,16,129,56,26,88,111,130,23,136,67,47,9,45,129,25,131,137,80,2,78,159,113,82,100
19,145,19,89,159,24,148,155,81,96,42,20,123,11,100,134,152,130,156,31,74,122,158,157,4,44,116,6,153,113,78,149
103,49,32,105,141,99,35,56,49,93,46,63,41,67,24,58,44,125,78,107,1,155,148,135,23,159,71,118,64,51,145,103
0,6,34,9,153,42,54,46,45,106,46,8,7,28,20,100,118,13,105,81,86,75,141,149,36,105,26,27,54,83,128,73
62,97,41,153,72,47,51,149,95,145,60,91,39,135,126,3,72,13,107,144,108,91,0,81,51,3,49,31,47,6,81,64
51,63,33,72,27,43,73,97,140,24,45,16,119,144,107,89,46,142,76,153,58,24,44,147,64,98,108,59,52,158,16,154
34,24,120,77,120,0,29,101,156,69,121,55,140,104,39,10,6,118,102,155,65,118,86,24,144,91,73,115,94,45,120,145
73,139,159,92,137,110,9,47,43,24,2,130,85,106,86,91,111,86,55,148,101,45,37,38,71,1,28,33,154,59,69,72
59,34,57,132,59,142,136,111,125,57,38,103,84,116,16,101,75,153,91,59,74,112,156,42,95,151,41,89,45,69,88,98
46,63,110,94,105,100,11,125,113,92,133,68,24,128,89,95,77,46,150,89,144,101,13,30,152,8,22,149,48,127,102,87
46,20,147,42,52,56,73,142,138,122,33,99,54,25,136,126,80,130,135,138,67,106,72,59,34,0,33,134,89,44,30,3
98,128,82,125,70,159,44,110,17,51,25,60,86,45,147,115,70,122,142,103,61,128,25,134,112,84,8,107,82,144,28,16
101,75,6,76,25,64,24,12,50,145,152,115,130,132,159,131,133,22,140,20,21,101,85,109,133,38,53,74,18,47,62,7
49,96,20,145,149,156,148,85,15,61,128,93,104,137,88,23,15,119,131,89,33,61,72,14,66,0,62,52,43,94,46,132
86,41,61,148,45,95,17,35,39,98,14,153,153,31,69,99,46,154,70,51,34,7,113,47,111,0,115,104,94,24,61,15
131,9,45,0,116,151,4,6,90,49,110,49,46,98,80,0,96,3,77,33,60,59,123,28,118,30,23,119,15,13,157,1
106,6,159,51,136,36,12,79,69,97,23,157,28,129,14,2,107,139,108,57,28,17,63,68,137,112,0,62,17,67,68,104
67,126,67,31,50,137,41,130,156,70,138,107,63,100,137,83,5,49,13,83,110,49,142,68,38,138,78,109,62,26,45,138
103,67,48,13,24,142,132,149,50,123,43,96,121,87,56,65,33,29,1,94,93,103,42,144,40,13,153,28,126,63,40,96
98,42,103,22,104,118,99,81,147,99,100,85,153,4,41,119,19,74,72,114,12,94,1,155,5,35,121,108,68,102,45,148
44,15,26,86,102,149,45,81,19,105,62,67,132,79,70,141,119,66,120,65,159,88,149,36,128,54,37,62,128,67,122,62
117,86,79,58,70,53,134,100,22,40,37,78,0,101,40,95,123,107,86,138,90,18,7,91,119,95,25,28,59,15,127,10
57,42,112,109,56,72,10,143,24,101,110,141,72,106,82,0,75,15,62,26,131,77,27,71,65,86,2,49,158,69,5,16
113,28,131,150,91,0,34,80,154,106,140,124,59,5,136,40,95,141,114,159,42,139,62,158,18,95,84,62,62,37,118,99
6,122,50,63,134,148,73,124,102,151,135,27,5,50,61,18,116,98,99,107,103,144,34,53,114,89,134,17,127,61,106,79
140,46,105,85,129,78,21,138,71,100,40,2,117,143,127,95,57,12,53,70,62,36,156,122,114,56,19,46,3,157,33,92
75,59,64,84,70,133,35,15,11,149,21,125,117,92,64,157,78,123,65,36,19,39,50,17,13,29,124,112,10,64,128,149
50,77,22,105,137,88,121,2,70,66,111,147,23,34,38,98,125,84,8,15,18,50,86,52,103,145,79,50,118,140,135,142
153,118,51,6,6,82,70,95,63,18,13,99,159,30,125,100,144,120,63,34,25,116,48,149,65,149,103,21,97,154,137,86
30,76,31,82,126,39,145,147,25,145,69,102,70,110,104,52,95,133,50,115,132,154,29,21,30,56,75,71,63,73,26,26
33,46,110,37,147,17,157,143,45,71,37,76,158,65,92,63,61,75,99,23,87,54,39,123,96,95,93,82,67,13,101,139
144,66,15,49,15,135,45,23,115,146,84,88,106,84,33,77,58,3,24,155,24,53,95,35,69,87,92,65,81,147,104,72
117,155,27,12,126,13,49,31,54,94,157,137,106,89,8,21,76,17,67,53,81,122,70,146,141,143,72,116,80,141,69,3
55,76,71,46,92,134,95,74,132,141,156,23,126,158,153,113,59,67,135,107,110,111,129,60,23,103,41,30,47,93,54,138
130,158,103,105,74,14,6,55,5,91,122,9,121,1,73,67,156,78,39,16,7,73,113,16,136,154,56,116,35,15,63,1
116,63,81,76,13,139,101,127,15,4,14,148,117,119,153,62,100,82,27,151,155,101,21,85,79,131,52,157,35,130,127,59
61,57,88,96,14,138,108,99,23,117,75,95,19,73,103,96,44,73,19,3,114,8,146,130,32,28,150,81,110,56,68,50
123,70,24,132,132,141,14,135,13,26,107,115,99,122,90,44,63,68,38,29,72,76,137,133,141,5,118,145,2,119,68,27
142,147,54,30,37,55,58,46,45,62,63,150,141,135,14,123,150,120,147,63,150,111,38,14,66,20,90,32,57,147,146,145
141,140,57,28,48,43,84,149,22,144,48,52,15,63,24,138,127,151,78,141,131,156,98,101,18,82,126,77,94,2,136,99
58,120,97,123,65,53,31,98,83,19,112,51,94,147,119,52,11,75,68,67,132,0,103,139,102,86,32,13,5,4,30,59
98,71,136,22,58,51,7,80,132,2,144,122,155,81,159,157,97,17,122,51,113,12,74,0,105,1,51,149,92,54,5,135
139,40,117,131,79,13,1,106,105,23,39,28,28,109,26,45,63,157,139,152,90,43,138,45,32,24,43,150,154,50,79,100
13,43,48,149,2,40,111,58,11,51,24,19,89,15,3,44,0,0,19,10,43,65,78,48,136,120,110,155,46,15,2,137
18,147,144,138,109,113,7,93,72,51,32,138,113,39,93,155,16,102,35,50,95,78,151,3,44,91,146,62,135,46,148,149
143,57,150,150,109,159,131,101,155,40,149,46,102,49,48,74,115,124,138,127,29,105,121,63,76,113,48,88,52,32,18,37
158,34,55,28,44,50,133,137,135,158,4,83,46,13,4,142,88,46,106,146,92,136,26,58,36,146,156,25,153,43,75,28
98,119,29,49,85,2,110,85,136,126,156,59,9,52,15,150,2,20,13,144,57,3,102,20,132,42,34,57,77,145,35,44
158,52,89,0,67,41,38,38,79,155,63,127,130,150,146,104,49,41,144,38,51,21,71,98,18,80,60,110,54,12,35,121
44,9,79,103,21,19,111,84,107,4,46,125,94,72,149,146,75,119,155,8,121,152,84,153,102,75,7,32,145,23,53,112
146,115,119,46,46,151,80,122,153,97,81,36,130,23,91,6,146,97,28,108,17,151,142,104,137,142,90,84,8,129,32,33
38,155,90,129,68,128,149,123,112,92,66,3,62,100,92,49,121,73,87,97,1,99,128,153,56,152,112,25,82,93,123,136
79,38,68,6,158,12,94,159,148,71,53,42,141,68,23,101,22,149,149,133,100,74,24,83,152,73,88,137,157,40,151,83
78,146,68,47,93,64,55,85,57,14,78,51,84,129,104,77,116,143,119,154,17,74,120,138,36,152,59,27,95,109,41,2
13,137,152,139,46,32,90,56,6,76,58,72,122,105,86,123,27,115,91,7,100,137,41,44,94,90,22,39,142,72,119,92
112,61,24,148,12,33,60,89,98,23,24,10,76,54,96,50,21,141,108,134,53,33,155,35,86,15,125,45,136,30,137,13
51,93,139,52,7,40,89,89,110,25,110,33,127,38,134,21,55,11,81,30,109,28,54,83,115,60,65,113,42,22,42,99
58,125,55,25,44,156,65,23,22,51,93,107,119,143,159,14,26,77,63,132,156,35,3,41,37,133,70,51,110,147,156,9
117,108,60,17,26,22,3,157,156,21,4,77,5,45,121,26,65,82,9,98,80,118,63,145,138,114,49,61,126,47,111,124
100,58,26,29,31,62,158,66,112,112,32,139,48,58,73,128,37,82,125,116,34,104,88,71,9,30,37,155,111,22,32,157
44,80,75,58,108,109,27,93,116,46,67,128,35,8,108,71,55,127,46,124,119,33,53,88,19,75,67,12,92,144,84,39
91,8,126,79,91,4,24,10,105,93,103,118,121,106,136,89,110,3,85,75,50,23,27,60,32,101,94,61,66,79,18,95
59,8,84,64,5,21,64,157,87,130,79,31,2,21,91,19,136,10,157,36,13,10,62,51,137,35,43,106,39,159,83,139
130,146,36,106,49,144,32,114,29,156,75,55,74,87,91,97,119,87,74,108,151,55,45,16,117,121,2,22,81,84,148,42
57,128,82,150,92,27,98,19,142,27,112,9,109,57,78,101,22,97,159,58,119,33,11,116,119,109,81,140,35,61,13,135
67,121,123,39,84,45,30,47,131,111,32,150,152,69,103,12,15,114,112,141,29,2,109,73,97,54,0,128,50,100,47,84
124,109,45,95,140,77,89,97,23,29,148,75,45,52,39,158,123,43,42,39,92,119,159,58,22,19,49,76,134,124,95,73
24,112,112,86,117,29,32,74,153,32,37,106,70,143,125,135,103,58,114,57,120,76,39,45,90,35,118,106,79,157,154,126
156,65,3,122,110,90,109,109,10,92,10,2,93,40,81,128,2,9,49,41,48,6,52,96,27,75,57,113,21,108,81,79
159,103,18,1,107,123,112,28,111,80,79,33,21,44,150,32,36,86,68,64,129,18,36,50,74,12,151,116,128,41,103,36
121,124,13,72,27,108,89,59,23,13,157,51,75,65,15,23,59,12,17,89,149,144,127,54,4,146,76,77,0,2,28,23
117,7,57,42,54,147,97,29,159,123,155,25,68,16,84,153,30,43,72,24,41,83,97,137,116,32,128,73,157,24,51,40
0,111,61,28,155,84,87,81,60,94,154,136,111,64,133,80,112,54,82,23,65,44,140,91,48,117,65,11,5,68,156,150
81,123,57,123,136,135,142,87,125,117,13,107,51,116,43,59,77,75,144,138,5,11,130,79,26,91,113,65,5,122,72,58
43,48,44,112,112,84,44,106,94,149,94,56,69,67,53,55,43,96,103,140,142,41,148,52,68,32,91,143,92,142,153,158
45,3,50,111,103,12,93,127,63,9,123,100,106,57,52,56,152,21,77,28,121,89,57,126,30,122,155,71,12,56,90,1
62,52,132,135,89,148,104,76,66,155,1,10,154,133,126,151,15,120,132,91,156,16,84,88,102,11,4,16,134,117,35,56
127,138,64,78,36,15,121,75,67,150,128,150,132,124,157,82,122,108,12,77,22,59,86,90,93,154,64,49,28,149,45,149
59,149,100,104,125,69,138,20,117,6,117,3,128,61,72,32,121,159,111,103,14,150,36,149,93,52,146,14,96,102,127,13
132,140,138,31,69,50,91,73,44,90,101,47,35,118,70,86,43,10,94,85,144,123,117,105,80,46,6,27,53,127,44,41
17,52,62,83,148,110,126,107,44,44,23,11,139,28,133,134,84,143,66,86,88,15,98,136,0,130,57,102,13,7,102,8
51,0,19,19,130,84,34,146,136,102,146,133,137,25,148,106,120,15,17,28,0,49,81,123,38,69,159,140,47,125,116,88
155,37,137,146,32,94,135,42,45,32,43,105,107,145,28,115,73,122,141,42,110,23,82,62,128,89,124,149,117,122,38,116
48,112,64,10,138,67,123,82,18,44,47,142,129,57,12,102,62,56,22,14,15,54,139,96,91,79,46,86,153,128,7,21
112,9,55,84,43,158,26,101,16,69,58,77,37,80,127,146,126,12,137,78,128,154,19,111,121,108,5,120,134,51,68,124
111,139,34,96,107,16,139,65,140,111,75,29,111,111,30,136,35,159,108,134,115,6,50,140,43,100,110,3,133,145,81,32
77,4,30,39,97,147,93,37,39,111,152,99,39,116,26,138,152,102,13,108,46,108,1,4,105,52,8,5,67,56,16,0
152,32,43,131,77,137,94,87,119,62,64,46,70,75,128,64,141,77,90,16,47,79,87,143,59,107,22,16,6,134,129,139
119,48,149,98,71,72,126,46,33,76,111,149,4,114,5,43,27,136,59,39,48,47,5,145,37,71,48,16,117,23,39,133
147,154,157,38,35,156,39,125,121,109,103,98,30,11,17,134,106,33,69,61,45,43,76,6,97,132,0,115,139,157,54,145
55,11,102,78,132,66,62,88,110,128,143,138,4,128,133,68,62,71,89,147,111,9,103,5,96,0,1,114,62,19,144,83
19,32,21,140,5,96,101,91,33,121,130,129,116,55,133,9,139,109,113,36,140,113,95,106,27,129,101,124,152,99,62,128
67,36,81,34,87,65,95,112,31,108,100,141,17,3,125,71,2,16,23,28,10,32,101,148,4,79,105,116,111,152,10,6
58,13,16,140,21,31,137,156,99,43,158,141,155,114,115,32,62,134,67,75,111,154,37,96,68,24,151,48,159,55,98,116
106,51,127,2,13,10,24,72,150,143,141,76,121,51,17,21,61,156,156,51,40,78,120,14,45,8,102,66,17,83,145,4
51,62,119,52,159,40,58,116,27,56,99,32,32,68,56,84,53,131,58,23,143,156,23,104,15,80,53,33,127,144,38,10
11,3,7,121,36,138,29,154,86,71,51,134,122,23,18,48,73,106,106,47,95,29,102,14,69,95,86,124,83,107,143,18
1,68,110,47,85,73,70,103,140,18,121,72,110,7,30,98,136,129,151,33,54,21,19,37,104,112,23,69,6,51,8,7
45,66,87,7,48,77,42,72,37,46,50,138,4,5,94,82,146,89,57,151,78,21,116,10,54,144,104,63,97,15,138,85
121,131,22,46,102,38,126,1,54,90,86,109,34,70,3,31,152,33,28,127,113,6,51,17,80,5,22,80,156,133,19,31
103,60,86,60,90,130,14,50,151,158,115,23,123,75,69,55,133,89,83,106,50,120,28,106,120,124,111,123,115,10,0,0
16,159,51,2,42,158,77,13,37,99,22,24,33,11,143,131,49,71,97,13,52,41,120,98,77,117,3,42,0,109,85,81
107,73,7,4,1,117,96,77,26,138,86,132,105,52,19,58,53,94,34,150,129,51,53,37,126,159,130,55,42,111,75,131
20,53,145,75,129,104,3,76,54,61,94,138,25,139,88,143,16,21,25,104,156,137,70,133,6,36,36,92,108,59,30,150
9,157,139,43,69,17,116,62,99,2,130,89,80,116,119,90,34,139,132,30,138,58,59,91,93,84,78,110,115,119,159,37
1,40,33,30,23,37,98,94,154,140,8,125,150,132,74,82,33,25,136,59,18,55,136,142,100,136,156,100,83,58,39,31
98,34,38,138,39,30,34,22,38,149,90,133,127,37,67,45,102,23,52,7,108,14,156,74,61,26,37,21,113,148,102,152
15,56,69,45,54,55,74,30,38,84,89,146,151,158,101,125,81,133,145,125,67,122,86,130,11,144,77,14,106,23,152,110
72,132,31,128,30,99,108,85,123,116,120,70,66,54,30,140,4,94,91,55,156,121,87,156,113,131,65,59,37,116,34,53
83,15,41,38,144,130,54,147,103,56,158,19,85,30,132,74,93,19,132,51,150,98,19,159,147,131,139,144,31,48,99,76
43,57,8,20,138,5,135,14,104,108,112,147,75,134,149,66,76,100,60,77,115,1,157,59,63,34,63,131,9,113,21,105
146,29,58,26,137,50,5,30,97,91,77,86,58,55,145,87,107,79,10,133,81,101,102,120,57,64,34,56,119,154,0,151
30,141,48,144,123,117,52,99,107,157,2,145,23,0,101,152,71,19,102,122,120,22,82,128,110,39,19,119,54,117,10,113
0,121,111,153,19,142,158,18,76,56,139,23,20,32,133,43,40,150,46,65,61,146,131,131,71,145,113,70,63,110,34,133
87,105,9,31,136,64,65,69,92,136,29,142,61,26,22,140,44,38,139,64,18,1,51,119,93,29,52,72,41,42,56,70
89,50,38,77,0,138,69,1,25,95,120,145,45,20,115,41,88,74,41,7,77,77,42,63,129,64,114,96,36,96,130,149
133,140,81,3,158,88,81,147,153,67,154,54,18,55,96,115,33,149,56,47,90,144,8,142,100,156,149,102,59,89,108,157
55,152,12,36,29,85,49,72,80,107,10,77,136,83,100,24,109,148,3,148,142,51,86,139,80,11,70,25,60,154,142,85
100,129,27,117,7,146,17,85,81,76,35,128,96,104,67,85,0,2,71,42,101,110,3,101,15,128,68,113,78,154,122,154
141,23,144,111,117,144,48,138,6,128,151,32,34,105,110,101,107,53,133,18,84,68,11,41,2,76,24,131,30,3,101,15
68,115,51,86,122,29,11,50,0,145,31,9,76,7,89,92,67,45,64,104,150,17,30,34,61,10,36,141,148,38,48,5
117,117,18,96,28,136,39,30,59,148,23,148,53,111,140,38,16,114,38,48,20,95,1,55,106,115,151,103,113,68,18,124
53,107,17,148,140,22,33,103,133,46,153,39,99,74,5,22,110,117,71,9,112,16,127,123,40,31,63,69,102,91,104,68
36,62,27,116,71,137,76,153,148,63,11,47,98,3,10,70,81,16,112,88,57,107,1,63,18,65,35,54,125,34,97,87
5,113,141,28,30,134,80,103,80,125,92,0,5,86,72,49,18,37,78,148,112,50,118,149,151,18,78,49,39,35,63,3
61,117,94,87,35,143,36,118,154,61,68,131,158,89,19,80,121,106,45,75,140,54,64,151,12,50,68,112,159,140,75,43
98,151,10,11,85,138,147,107,89,103,61,110,81,112,3,121,38,28,53,110,119,49,120,97,9,5,82,63,16,146,119,68
126,62,143,37,94,47,1,159,37,110,72,97,143,149,51,123,92,79,111,107,63,30,148,136,105,2,0,158,48,93,87,84
139,153,80,41,110,55,130,9,125,47,2,117,70,63,69,81,99,59,146,112,0,37,36,18,22,65,53,143,143,125,54,4
64,13,49,38,26,23,76,112,32,113,157,113,148,97,44,13,71,73,121,154,140,136,39,72,2,47,68,28,97,45,95,49
23,27,72,142,102,75,139,18,82,92,38,80,130,107,135,131,47,34,134,7,150,155,115,45,15,36,77,122,126,63,145,54
111,91,140,139,115,58,82,2,6,144,38,125,86,125,20,55,153,25,18,128,53,6,61,26,50,12,75,149,42,37,3,34
120,3,78,97,16,91,132,88,67,31,93,104,28,148,43,147,4,46,16,57,151,18,32,28,14,86,150,13,98,147,88,3
114,59,75,146,138,25,81,146,0,96,69,123,23,1,15,110,34,127,91,154,41,114,3,23,82,81,22,159,24,66,132,43
18,7,6,16,55,159,1,38,61,150,108,122,122,109,25,144,137,62,141,131,141,41,50,101,1,42,110,132,152,22,151,68
41,92,21,151,58,129,91,127,123,115,104,34,122,126,114,19,104,92,131,13,149,13,118,41,111,59,69,140,131,138,63,11
159,85,26,23,13,51,156,112,116,64,135,140,46,100,31,139,127,131,45,13,35,0,95,40,6,9,99,96,84,150,108,17
74,78,116,70,15,38,20,42,54,59,4,124,155,52,4,139,64,1,11,1,50,31,35,94,2,147,109,133,159,123,2,42
158,9,26,145,148,110,67,19,142,7,132,135,75,135,112,144,79,48,52,144,15,91,117,6,6,74,46,84,81,149,110,35
28,46,2,3,73,143,59,135,16,58,35,53,60,32,144,53,7,8,18,112,93,77,61,32,143,83,101,115,32,14,38,136
6,21,150,22,84,94,111,21,8,36,65,35,110,126,52,33,121,16,120,98,113,130,9,120,53,26,26,113,47,136,108,4
41,127,48,13,151,96,31,74,62,66,16,38,68,148,16,117,13,122,81,88,60,14,124,154,131,58,143,152,104,54,69,2
39,151,113,10,123,150,154,117,71,148,147,88,50,121,5,67,53,24,14,42,35,140,71,48,88,145,151,17,153,105,63,92
138,81,157,12,58,89,84,75,31,64,126,149,126,62,123,26,52,25,117,16,135,79,89,11,41,101,90,18,14,101,27,15
147,141,56,127,28,38,92,2,61,11,125,6,95,79,52,39,48,159,20,66,50,95,19,131,84,37,33,146,106,38,24,28
136,120,122,3,37,33,38,114,131,29,96,84,7,1,0,158,86,62,62,110,92,71,113,109,156,102,97,55,49,89,25,105
55,155,50,73,10,20,103,40,45,10,10,95,84,112,139,155,61,146,71,42,14,39,92,85,114,0,113,76,64,131,137,27
34,123,135,144,5,9,32,23,116,134,138,58,31,96,128,24,16,122,63,129,32,150,60,142,97,48,53,107,5,96,84,8
103,71,88,67,94,153,83,122,32,102,120,111,156,88,123,45,96,144,103,36,12,41,140,82,125,110,136,80,98,65,70,53
64,19,84,36,143,14,59,13,29,132,77,153,128,9,148,132,147,32,74,133,100,36,44,124,76,37,61,123,25,40,143,19
59,101,11,26,101,9,20,2,127,35,62,27,41,155,27,150,11,123,43,48,88,40,133,40,22,32,129,156,153,68,101,33
46,72,91,9,152,93,130,46,128,37,152,48,144,5,8,155,88,78,4,36,156,86,12,30,31,55,85,63,24,48,120,4
138,104,35,77,64,78,121,49,49,34,125,96,120,48,155,54,30,51,141,146,42,55,151,135,95,146,157,0,24,158,131,39
61,157,111,25,140,108,82,62,111,108,37,33,92,68,136,157,62,59,130,101,138,57,77,14,39,138,136,140,96,94,118,55
85,64,119,103,110,65,49,133,57,86,19,72,7,1,141,66,16,126,159,70,53,83,40,145,18,132,10,8,154,19,149,137
116,67,142,95,123,65,158,131,86,78,135,157,3,72,63,30,132,153,67,32,66,157,155,12,65,106,114,54,59,118,14,28
27,121,62,25,141,14,46,84,73,129,79,150,31,103,10,131,67,105,89,40,8,115,61,111,57,53,53,114,6,104,156,113
53,61,55,97,33,91,141,85,38,141,46,110,56,5,41,80,54,138,62,26,70,129,16,6,100,103,22,51,117,88,153,75
132,151,67,19,158,39,72,21,26,34,148,69,104,145,32,72,112,63,21,33,77,108,2,0,18,53,109,159,112,51,86,71
35,55,69,22,85,76,11,9,130,140,2,133,122,145,18,147,141,112,95,24,42,48,16,31,154,23,62,66,149,135,64,58
114,72,140,53,51,74,19,22,58,122,152,7,118,22,122,41,104,103,122,5,92,26,87,95,76,59,86,106,157,16,85,146
110,34,9,45,152,138,3,7,16,22,74,114,99,65,53,91,62,71,154,22,49,79,74,80,37,82,67,77,60,152,109,103
127,58,139,102,84,89,54,88,89,72,144,96,95,144,50,4,16,13,137,14,40,66,152,79,27,13,97,44,153,22,73,63
69,61,97,1,148,88,5,124,1,59,92,131,61,152,94,83,117,0,23,3,106,66,80,18,41,147,78,7,77,52,45,150
119,90,68,14,33,101,113,7,140,142,152,18,77,5,80,2,7,86,133,96,144,44,134,94,128,86,105,15,142,30,80,104
74,13,34,111,154,75,155,0,20,132,3,124,94,46,105,71,107,30,60,156,33,78,28,116,71,13,36,74,89,76,114,124
96,146,117,52,5,6,27,113,54,105,145,16,3,112,38,65,86,56,137,131,130,11,157,43,65,136,125,99,51,111,28,119
134,36,55,58,101,43,140,20,43,0,128,122,14,18,90,113,23,116,32,79,70,8,71,141,32,142,27,57,58,71,30,134
24,89,114,92,134,64,115,76,113,116,4,25,124,1,132,127,9,26,29,78,111,28,100,57,121,119,118,101,25,14,76,7
40,103,41,72,73,4,67,91,12,81,118,64,30,35,29,30,84,26,127,111,94,18,115,5,19,3,54,25,55,99,56,109
51,152,1,35,123,130,78,133,87,2,68,12,76,42,47,6,120,77,0,18,156,17,143,114,80,10,145,37,0,18,7,1
87,20,80,28,129,129,63,48,124,78,87,7,9,149,22,155,139,11,46,24,58,77,27,99,74,24,127,52,148,82,145,47
107,4,66,91,73,94,45,100,71,38,117,71,21,103,150,130,144,5,112,85,121,102,132,16,37,56,32,12,73,146,119,26
56,129,95,28,150,126,156,98,136,9,16,22,39,69,133,15,159,37,133,81,117,106,127,43,42,71,89,42,59,119,134,138
39,96,147,1,30,71,111,117,126,61,123,59,107,151,129,14,84,64,14,83,111,146,37,66,72,62,53,156,21,159,135,142
79,91,43,103,77,158,42,29,64,70,45,146,135,122,38,127,128,1,121,106,124,102,118,70,108,140,54,86,143,125,89,149
70,44,54,55,58,53,106,82,113,134,158,134,116,85,83,31,24,3,62,68,6,149,129,59,9,110,12,25,106,10,9,154
58,6,38,57,105,47,74,137,13,52,10,144,21,131,7,20,73,76,85,74,75,140,45,77,43,90,71,155,95,121,75,28
29,52,117,105,83,23,156,46,51,0,97,79,32,65,49,63,31,52,115,45,32,55,29,47,159,21,64,153,82,16,55,87
154,89,129,4,5,148,19,128,157,58,138,67,156,159,19,125,88,69,12,123,106,25,122,106,117,124,41,90,79,21,144,115
65,133,5,136,159,3,152,54,59,57,140,138,57,148,68,88,46,110,115,81,142,52,150,90,75,24,128,66,36,136,0,99
75,32,121,89,48,1,89,123,23,152,40,103,7,35,151,55,141,67,93,3,74,104,156,69,68,77,130,75,127,55,151,39
21,104,19,114,53,60,101,117,20,26,62,0,86,13,90,98,138,88,23,146,109,111,89,149,56,31,35,108,105,25,158,132
57,30,96,56,116,148,99,97,118,73,35,54,106,0,114,137,113,0,91,110,30,16,97,20,49,90,39,101,156,128,29,68
134,59,43,55,143,135,94,2,33,84,44,6,111,111,137,68,122,131,74,76,25,10,154,30,22,57,132,65,123,36,144,84
74,4,36,139,9,81,34,92,77,146,109,33,123,147,112,117,53,94,110,155,25,26,19,80,80,107,2,17,45,98,56,14
68,44,75,29,127,111,112,119,83,50,86,88,125,155,97,4,49,0,16,54,12,1,53,89,127,128,132,106,20,77,140,132
123,57,88,111,114,25,62,48,157,9,140,21,10,122,112,117,30,50,15,95,65,11,73,38,105,26,103,63,14,156,121,2
132,41,18,131,104,117,113,4,127,94,136,45,146,59,36,157,59,113,30,154,33,132,159,152,126,134,120,12,116,0,152,97
51,91,19,153,109,93,61,91,43,80,70,46,70,44,71,34,123,29,7,19,122,76,46,58,148,53,76,35,62,153,35,39
141,151,42,62,13,26,36,152,83,129,135,154,48,157,51,12,150,95,82,54,11,70,81,34,2,18,45,69,125,138,91,21
18,67,54,59,81,93,30,146,146,69,63,98,154,11,67,21,109,128,110,42,13,144,141,44,110,153,53,51,104,37,23,35
74,35,99,85,78,32,91,151,115,125,20,157,119,113,40,33,135,43,46,8,75,121,61,63,56,58,137,70,16,9,58,92
130,92,126,48,14,121,130,14,115,27,35,131,113,116,127,141,106,41,112,127,1,11,23,17,67,118,144,91,127,30,142,18
141,70,19,27,159,58,156,113,142,139,22,45,91,134,65,101,27,127,112,27,85,105,59,159,90,35,103,131,62,107,7,49
86,157,121,10,64,31,150,34,22,61,152,14,138,131,85,12,73,83,115,134,70,50,16,152,89,73,128,136,129,2,145,115
58,90,130,97,73,144,88,97,115,15,31,28,88,70,131,84,1,32,103,6,33,25,122,16,21,114,79,41,111,57,124,2
112,121,116,64,119,20,125,137,119,141,106,129,39,110,122,150,154,51,56,49,77,87,38,124,77,37,113,134,60,88,58,96
103,93,86,80,92,98,148,57,7,144,59,10,7,63,52,65,6,38,129,115,28,136,120,157,39,127,73,19,64,61,76,49
54,74,112,114,72,147,127,133,84,107,142,1,83,149,33,41,57,48,159,147,153,129,105,109,62,139,112,139,18,86,157,59
21,61,159,14,106,55,157,135,104,24,94,142,65,78,72,85,140,14,56,73,134,18,155,137,124,106,112,102,100,9,37,42
119,12,118,135,128,54,118,4,140,40,128,98,107,152,13,20,43,123,137,78,21,133,142,146,31,31,25,122,96,54,8,25
113,2,29,151,75,29,70,122,148,78,3,73,23,155,65,63,97,42,97,68,21,28,124,98,79,112,1,92,148,8,111,159
100,24,6,139,10,70,101,46,55,91,31,115,80,135,39,5,14,19,84,120,113,18,5,30,8,114,99,62,28,0,71,109
1,42,62,138,61,1,19,132,135,9,145,32,34,156,138,32,123,11,135,74,91,132,152,2,9,133,80,91,125,16,110,63
122,106,27,125,35,103,6,59,112,26,149,32,105,125,28,146,156,82,59,23,31,7,103,111,84,55,17,32,126,56,138,114
72,109,77,20,86,57,74,66,125,105,142,141,54,3,86,67,124,69,154,40,24,71,5,122,33,150,18,112,104,126,26,81
126,65,81,143,71,18,159,143,118,107,152,153,46,98,38,38,65,131,26,37,78,29,145,12,143,145,45,119,73,15,87,92
44,134,35,52,130,156,139,57,91,42,143,60,49,114,125,24,27,35,30,70,157,150,119,146,66,8,19,94,85,121,1,136
61,130,105,18,139,111,73,68,2,158,70,156,136,132,61,149,15,53,21,117,84,119,145,76,92,122,30,105,78,145,137,11
131,74,141,155,66,14,1,108,46,77,41,4,153,15,126,56,138,111,46,12,42,97,101,135,129,71,143,153,96,116,5,65
101,28,3,120,67,41,65,19,11,5,94,77,115,132,86,133,75,0,154,51,2,48,68,141,159,143,155,103,138,4,147,146
141,57,113,23,125,66,142,84,55,36,158,148,102,55,7,34,94,145,4,56,51,58,54,108,32,123,5,80,56,154,124,96
33,16,46,109,3,106,30,127,137,28,2,74,113,38,48,24,109,73,147,129,21,1,126,6,138,56,137,150,34,14,81,72
10,8,23,135,126,129,131,42,129,117,42,11,146,79,0,101,107,152,7,104,30,151,73,97,144,26,104,103,38,40,135,137
143,49,135,97,110,53,119,12,83,154,142,64,38,102,139,22,132,97,56,106,71,51,60,59,6,53,83,144,13,48,14,108
109,115,58,20,46,112,9,70,18,102,38,32,6,51,39,18,80,23,61,55,105,152,58,108,47,107,32,26,95,60,149,158
39,74,101,95,50,146,145,150,141,17,71,144,35,94,109,52,76,101,50,48,87,62,55,85,110,22,7,71,8,83,9,134
142,137,133,10,123,14,128,8,46,108,70,48,140,22,51,114,76,50,60,153,75,77,18,17,47,125,55,104,108,25,102,62
3,126,68,95,157,43,37,1,97,114,77,65,14,28,68,113,153,22,0,27,23,91,130,130,115,121,144,92,45,80,2,95
101,118,154,8,11,20,21,18,0,120,54,89,70,126,79,13,43,159,53,84,150,99,48,24,35,14,155,69,3,40,27,68
46,141,11,10,51,47,111,70,15,54,7,16,121,96,101,51,98,107,8,87,62,81,127,29,72,98,67,17,92,39,88,78
53,86,145,118,146,140,142,82,38,54,61,65,98,151,152,2,21,75,41,115,25,153,143,54,8,21,139,33,81,113,75,132
83,4,29,85,66,25,71,8,19,131,141,50,57,96,2,24,118,90,66,152,158,57,4,42,157,70,63,58,38,149,14,26
128,68,42,90,46,123,82,40,59,150,0,34,117,1,55,100,86,81,36,159,56,10,116,63,112,136,115,5,149,33,70,72
18,139,47,76,133,51,42,100,33,92,110,79,158,127,105,116,79,46,39,117,27,9,38,26,39,94,64,4,9,139,14,17
53,61,8,156,89,33,112,153,109,151,60,159,47,155,116,106,126,103,10,56,88,85,90,40,142,55,56,65,93,107,104,5
10,55,60,80,137,107,63,49,147,146,21,108,106,101,53,86,31,79,49,98,132,131,65,140,22,127,60,43,52,104,132,108
43,17,8,149,57,94,50,142,147,25,137,72,75,14,143,141,137,142,43,23,100,98,11,124,85,151,101,144,58,134,155,109
74,18,96,109,29,38,155,111,44,88,3,12,131,71,136,14,4,26,69,83,49,146,145,46,158,136,111,120,110,79,70,113
120,4,82,159,85,31,134,46,13,100,51,97,137,100,131,55,137,36,152,66,154,158,151,133,47,88,74,112,82,68,83,82
153,2,81,145,112,157,127,88,120,78,115,126,36,38,122,0,68,43,84,64,4,26,117,11,21,124,148,119,85,139,39,19
148,1,27,21,39,45,59,43,4,107,66,81,52,35,54,40,70,2,148,122,38,60,106,151,158,69,158,25,19,3,90,108
128,45,49,17,51,32,140,42,24,37,16,151,33,45,83,132,29,9,55,9,149,14,75,23,35,117,110,154,51,42,2,23
146,150,41,123,131,108,135,111,124,52,141,110,85,128,149,84,131,18,71,22,81,1,81,31,98,50,108,59,106,35,93,115
117,33,104,65,154,154,43,87,25,131,14,22,29,154,68,21,21,101,84,29,67,114,159,26,142,17,96,43,156,8,75,69
17,33,117,9,36,58,27,12,119,30,97,158,101,36,7,84,148,80,47,51,122,130,8,8,151,66,150,127,73,59,49,107
3,111,105,156,60,134,56,115,127,153,0,31,34,25,18,58,1,19,22,100,37,57,136,94,103,133,54,108,6,150,157,96
99,155,97,27,156,120,118,3,63,28,135,117,155,9,51,52,151,56,88,54,115,148,14,72,119,35,144,27,55,114,99,66
56,16,57,84,93,0,147,125,71,110,83,39,130,60,158,36,6,111,36,92,159,25,76,99,70,70,132,82,17,7,80,134
91,11,80,23,147,3,18,76,23,119,129,40,88,92,123,82,48,119,26,128,68,81,148,44,8,138,68,79,92,41,144,141
97,76,69,70,87,95,138,97,54,119,28,42,44,24,61,3,37,70,112,20,55,53,75,76,101,9,56,57,159,109,48,48
5,105,8,95,84,96,149,93,55,105,125,72,93,97,72,89,22,27,32,51,82,11,24,28,74,56,50,112,134,56,97,62
64,64,85,57,32,53,152,137,155,7,92,83,13,90,64,8,81,129,47,157,137,52,34,153,36,47,79,24,12,65,137,29
64,46,20,123,32,25,157,154,110,94,151,0,150,6,72,65,120,143,86,143,4,25,120,119,67,6,124,151,56,123,13,94
20,147,55,29,19,15,6,129,0,145,120,125,74,108,155,80,117,53,56,42,68,120,138,8,113,48,101,117,0,18,21,111
147,111,14,105,119,81,69,38,37,134,18,48,22,32,91,130,143,25,72,125,117,11,45,27,125,151,83,139,121,4,118,107
75,149,70,136,148,142,42,7,16,25,24,16,92,11,136,40,125,149,65,118,48,98,123,75,12,47,113,75,26,47,99,137
119,90,84,11,115,120,147,152,27,131,108,95,75,9,103,145,15,58,50,79,71,156,15,32,139,20,51,45,0,129,142,94
15,134,93,134,69,83,74,1,70,3,142,128,96,124,138,92,111,30,68,12,134,5,3,50,37,77,61,6,141,1,18,80
95,32,72,123,22,30,7,43,31,9,15,91,18,19,88,44,22,108,62,33,145,118,80,26,100,97,73,11,41,137,135,64
30,44,125,63,141,110,152,60,159,145,18,125,136,58,77,65,156,59,4,56,111,132,45,153,30,125,109,69,159,108,55,2
79,65,117,135,10,115,109,75,132,132,128,44,87,25,140,116,21,16,141,16,9,115,109,81,27,148,126,81,18,108,68,26
43,98,118,8,127,126,68,39,103,85,159,45,92,148,149,84,133,37,8,3,79,89,46,101,5,118,7,77,75,21,27,155
32,58,115,95,45,93,5,120,8,8,67,75,15,152,159,158,44,16,80,62,51,112,100,132,117,112,108,39,51,118,47,88
36,63,152,127,93,100,43,129,130,5,80,91,113,55,67,85,25,124,53,73,58,142,8,118,35,47,81,142,125,102,118,137
62,103,60,80,23,94,89,147,107,122,133,1,149,84,5,149,8,6,4,52,13,157,37,152,129,110,158,40,57,114,46,41
103,146,98,76,43,85,133,125,157,30,39,141,127,14,21,53,123,80,101,78,35,153,52,108,13,75,21,72,9,14,119,81
59,42,77,115,47,61,32,1,7,125,128,98,145,90,77,70,55,62,138,69,53,105,148,134,76,95,145,74,14,63,100,156
45,116,77,5,98,117,62,83,86,82,114,124,108,12,128,117,58,72,146,90,21,30,74,110,75,41,149,49,121,157,48,82
93,84,68,149,113,19,18,99,142,133,146,72,119,31,19,94,150,30,152,35,138,80,45,81,11,159,92,151,42,130,54,125
138,3,147,76,157,65,95,16,86,52,58,154,133,68,38,39,145,2,75,19,73,1,155,45,96,10,114,45,24,131,125,33
147,20,109,122,113,50,68,45,49,112,109,11,39,64,64,28,21,139,58,13,141,19,100,127,59,72,61,65,43,125,127,4
55,159,100,118,32,79,129,153,37,34,23,132,97,77,154,75,64,23,76,73,86,49,126,138,136,87,31,124,154,99,59,101
131,116,157,58,107,93,89,49,157,59,121,16,114,84,21,26,76,48,74,27,86,125,152,139,40,92,77,82,26,158,26,86
158,149,5,11,18,140,91,62,11,136,67,153,117,63,79,90,102,146,13,90,114,153,27,83,93,40,151,76,32,34,24,79
106,98,4,53,66,67,30,99,98,82,21,94,20,11,109,101,126,48,131,97,60,111,82,18,34,5,70,5,67,150,118,96
61,17,69,58,153,47,84,148,154,35,91,74,92,55,109,106,10,107,110,157,31,37,153,113,108,152,57,30,55,75,37,119
84,14,40,19,21,58,8,50,117,74,147,29,98,34,83,149,105,58,62,90,116,28,107,58,98,59,78,106,92,107,113,125
134,95,18,138,152,25,62,106,15,9,116,5,154,122,79,71,144,80,69,21,54,153,28,80,83,94,88,25,120,40,107,128
138,18,12,153,152,15,91,17,139,136,108,129,3,127,113,70,88,72,42,56,2,64,38,55,147,99,37,50,10,48,142,152
119,138,82,110,58,7,44,137,100,37,95,147,64,138,31,11,74,83,87,17,71,50,67,135,139,109,41,56,19,124,24,64
135,55,43,135,106,23,10,25,39,36,14,131,138,31,112,77,159,112,148,105,49,79,126,15,26,134,1,89,13,147,134,113
23,101,155,157,140,60,33,35,88,115,9,140,44,70,36,19,148,149,45,89,7,57,138,27,67,70,43,45,113,41,62,23
61,131,155,58,64,138,103,89,123,93,18,154,40,25,24,37,117,157,42,16,143,7,141,54,12,91,141,73,154,2,142,54
111,62,102,38,33,133,82,67,97,94,17,122,159,89,73,81,46,90,10,122,30,55,108,103,120,73,143,53,14,96,89,87
116,48,90,129,123,154,128,3,120,72,18,46,134,103,144,152,10,4,103,27,42,142,85,76,26,159,79,1,101,113,33,51
106,66,92,84,83,85,141,87,42,56,107,139,31,41,14,115,144,124,95,49,156,137,95,68,91,60,143,89,110,106,30,141
26,137,89,0,29,158,28,137,94,75,71,124,25,123,92,114,44,2,23,124,112,106,11,65,21,65,97,51,38,95,100,70
87,22,29,38,51,30,78,142,4,11,121,119,85,71,158,67,102,50,64,12,106,7,4,129,145,54,6,34,3,90,119,146
57,2,136,75,68,76,35,108,52,45,76,24,159,139,59,96,61,153,100,11,71,126,118,148,74,37,69,45,159,150,18,152
113,15,36,37,45,98,113,96,100,34,12,117,24,57,147,31,158,148,79,89,46,71,91,141,120,61,26,116,24,138,20,7
4,16,29,128,87,8,91,66,99,119,53,80,49,17,150,29,59,55,47,55,132,46,72,74,18,16,46,86,69,87,127,50
125,133,85,105,22,62,103,98,65,16,67,9,104,24,34,20,159,125,0,87,25,32,140,74,26,92,39,145,148,28,62,19
119,118,148,135,135,140,56,65,24,120,36,91,83,75,53,17,80,132,90,93,2,152,75,145,65,71,80,146,22,95,58,146
41,8,38,87,74,48,146,88,6,151,10,66,99,152,117,5,64,148,107,144,22,81,86,14,54,150,22,60,7,78,31,143
75,116,43,32,50,157,124,154,52,2,116,151,102,12,117,52,107,85,127,92,104,35,106,1,101,107,13,35,43,24,102,140
51,149,42,10,25,34,128,132,151,118,0,158,97,38,53,117,113,50,144,26,5,120,69,115,91,53,145,73,101,6,59,82
71,5,107,128,68,27,61,60,1,134,110,99,82,83,158,101,142,28,29,108,69,8,120,18,17,42,131,24,15,155,81,159
6,52,54,107,50,31,81,110,4,129,130,145,0,5,77,47,46,118,0,93,3,49,107,151,74,130,7,31,102,135,28,111
93,23,28,133,4,144,126,150,49,46,13,131,117,64,21,98,31,77,56,26,110,90,121,146,25,114,16,79,92,75,60,80
142,65,107,84,48,141,97,48,152,20,16,45,156,98,108,141,108,87,69,48,50,76,103,82,69,80,54,110,93,149,78,120
79,87,111,158,32,59,147,130,0,28,116,85,154,91,144,117,5,81,50,146,90,74,53,143,88,151,124,8,104,14,106,154
43,70,87,144,103,120,32,158,122,31,151,91,28,154,0,33,21,154,93,63,132,21,60,49,93,24,134,139,152,71,9,65
115,81,76,97,47,14,27,93,139,11,106,0,75,147,51,26,159,25,48,117,93,22,1,84,53,85,133,135,86,26,34,25
56,62,108,73,120,104,33,31,99,13,9,73,119,66,18,80,52,145,71,90,72,40,133,155,106,67,67,113,150,96,143,133
85,159,9,149,66,31,134,43,11,10,137,22,31,100,69,155,133,134,129,37,65,132,125,116,72,111,112,33,113,137,81,14
130,96,111,44,113,24,121,153,67,86,153,63,102,38,10,72,87,136,130,99,128,156,106,28,59,114,153,157,20,102,157,99
119,128,112,95,68,78,106,2,55,7,71,35,35,150,54,127,53,79,71,141,87,76,122,86,48,114,85,122,108,90,3,102
77,21,155,7,114,2,42,1,60,70,85,3,36,155,11,123,85,89,127,144,136,124,105,151,7,2,63,89,152,90,86,122
135,143,149,159,83,130,131,33,124,9,135,101,78,16,96,143,122,123,130,43,87,157,90,39,62,132,96,8,110,36,115,101
6,123,128,141,47,32,139,113,99,107,18,151,137,61,133,31,40,154,87,90,141,34,151,50,26,69,32,102,89,75,29,78
149,54,106,159,17,149,106,144,159,22,114,119,95,69,48,19,159,96,15,88,126,67,29,150,50,35,77,94,104,40,126,54
26,80,81,121,155,68,42,43,40,118,145,140,123,45,22,11,109,24,115,129,143,59,36,38,151,123,41,159,44,53,114,78
113,77,108,13,64,79,11,41,109,72,155,99,132,135,22,33,19,132,42,68,123,34,152,62,21,133,90,158,41,153,16,97
156,120,92,50,153,25,112,157,29,60,14,67,142,61,85,44,131,18,18,9,12,40,103,120,17,80,100,83,135,156,130,4
103,89,134,130,138,135,145,137,61,16,97,16,85,81,116,58,134,106,34,154,2,30,144,100,60,25,93,67,130,121,35,112
105,37,85,38,145,151,60,152,106,52,149,133,47,18,113,48,57,61,39,4,23,134,103,107,30,17,79,147,124,113,111,129
108,12,97,149,123,72,129,50,4,45,72,38,115,7,118,120,95,39,48,14,84,138,82,150,4,31,140,72,23,90,136,41
128,111,55,38,93,4,34,103,65,128,75,50,53,137,92,36,94,79,78,149,105,16,71,119,109,53,76,39,91,29,22,98
63,49,143,133,151,3,121,67,112,100,104,14,113,81,54,95,18,132,76,24,131,70,10,4,115,78,13,116,30,125,92,64
75,73,41,97,74,12,68,123,128,124,74,80,3,54,22,86,132,58,85,55,103,153,50,106,31,117,121,143,124,12,36,45
92,9,54,77,147,57,95,146,147,147,158,150,140,107,29,66,103,151,94,129,87,141,92,37,57,32,82,30,103,11,1,158
29,6,69,76,142,122,20,158,65,17,132,148,148,139,117,63,144,55,145,33,76,50,147,158,3,54,33,48,45,31,94,119
80,24,3,1,24,133,63,134,108,24,111,40,91,44,69,3,106,156,68,45,24,27,72,112,56,69,22,122,144,119,140,1
92,78,23,115,151,146,41,106,105,124,123,154,2,144,119,60,93,33,31,70,28,102,81,110,50,150,25,50,152,138,104,127
66,70,123,28,18,71,110,124,42,82,120,54,66,121,38,14,71,84,0,151,8,108,142,94,44,51,158,99,33,96,82,149
153,46,130,14,110,118,140,3,148,113,55,154,29,69,21,119,120,87,51,29,145,68,133,151,123,115,68,125,62,150,24,38
64,35,145,154,132,150,83,129,53,147,36,111,16,142,136,35,116,123,22,73,109,93,19,79,34,91,147,103,32,127,4,146
77,59,14,110,137,132,33,41,74,64,67,117,22,143,97,41,139,110,149,86,94,113,140,123,151,88,30,111,30,45,153,155
31,56,78,158,97,46,22,130,158,131,96,72,74,113,4,49,82,120,149,137,108,156,136,25,99,51,29,78,55,64,151,35
92,120,72,13,42,133,110,20,70,140,54,37,5,126,117,155,105,3,141,133,142,25,118,121,120,87,69,109,154,131,2,103
152,143,18,17,102,41,85,133,13,77,124,138,145,72,112,141,106,89,38,140,81,120,78,98,149,35,137,96,10,129,143,63
29,92,131,77,4,140,54,49,95,148,43,104,102,121,130,79,11,33,152,114,142,148,148,133,57,9,7,121,8,109,8,85
10,129,5,99,73,89,99,14,58,16,96,86,153,110,145,125,78,125,0,117,67,140,47,49,116,90,93,153,149,84,156,141
74,14,48,87,19,109,101,15,71,14,23,39,124,19,59,81,6,138,124,133,58,42,8,85,60,153,113,50,73,112,30,68
133,122,106,38,56,148,29,23,98,154,157,41,156,58,147,127,101,155,151,1,91,156,108,109,101,46,74,73,82,56,112,42
133,131,115,28,8,2,60,39,67,68,123,138,22,144,39,100,105,8,58,37,38,103,46,152,5,139,26,16,19,128,126,102
80,109,126,56,116,62,39,9,90,1,46,46,123,119,150,103,111,108,53,6,92,26,106,125,140,136,112,145,24,87,51,128
46,151,11,24,13,142,128,114,88,50,90,156,118,139,62,154,50,100,120,104,29,65,72,79,14,49,89,16,74,41,16,18
106,42,42,64,29,85,81,42,85,34,52,93,136,66,116,63,80,120,83,153,32,137,128,130,41,144,17,142,126,124,60,132
9,128,103,123,154,79,57,21,80,100,116,7,1,37,17,77,51,8,43,119,109,60,55,56,86,117,44,107,93,146,123,147
49,123,83,0,102,124,29,36,47,137,77,30,75,115,11,118,58,7,8,14,153,116,156,12,130,9,15,134,17,47,12,65
58,10,13,116,21,26,12,70,108,2,94,124,138,116,80,94,59,145,153,147,74,100,32,63,102,65,97,60,50,31,18,149
75,61,67,43,80,132,11,46,115,142,27,77,103,20,129,97,4,80,0,105,143,53,131,24,90,7,113,46,44,2,99,22
101,94,129,96,136,101,81,114,157,139,118,78,94,56,57,113,30,98,65,56,119,108,65,7,43,18,135,45,119,114,33,20
87,12,127,78,101,123,12,98,19,133,20,30,128,109,133,145,110,21,74,103,147,31,83,57,105,109,125,125,3,118,150,84
129,114,6,141,120,60,18,116,157,34,138,49,9,106,83,91,157,41,71,7,57,43,93,66,33,102,123,52,51,134,121,96
139,75,157,87,96,117,86,155,151,94,22,41,85,90,11,106,149,157,57,104,155,118,85,64,70,53,90,103,74,110,42,13
135,6,156,37,97,134,84,123,108,138,34,11,106,142,27,32,107,26,91,133,46,150,129,144,20,129,34,91,41,24,39,121
28,89,137,129,116,25,53,34,123,27,50,127,45,1,56,157,123,11,103,15,112,129,83,137,68,95,116,51,32,72,106,83
53,62,97,29,118,142,26,61,111,3,102,159,57,31,63,40,11,14,107,53,119,91,94,110,153,28,71,61,29,127,7,93
129,155,84,151,66,23,43,138,149,44,114,124,112,38,2,84,63,67,79,110,85,153,89,54,120,122,93,19,143,25,66,93
72,66,27,135,126,157,66,92,153,144,67,131,8,143,40,133,57,52,130,52,157,15,97,134,66,37,34,111,19,30,44,51
61,17,148,8,1,140,54,8,121,1,42,149,86,80,88,67,86,50,103,21,1,103,8,115,129,100,146,144,92,102,129,104
93,0,129,146,96,78,31,131,39,136,83,114,157,58,141,131,74,142,123,68,75,63,101,75,91,84,152,64,130,122,107,151
36,158,10,107,36,63,69,131,0,42,86,20,95,15,108,24,7,90,150,150,62,33,58,157,60,132,158,68,75,22,103,74
112,149,74,91,20,81,107,4,118,102,67,122,54,71,159,146,134,87,99,56,142,65,48,25,84,121,31,39,153,50,7,155
40,85,68,63,26,110,105,80,74,102,158,118,68,79,40,78,16,36,63,35,95,151,111,81,132,97,96,60,144,60,38,93
113,154,110,80,27,39,62,116,73,115,71,58,107,47,68,95,134,5,22,40,88,111,43,110,86,10,104,130,135,47,17,147
33,96,14,14,9,144,55,43,96,37,3,77,89,8,110,107,65,147,94,158,36,40,125,57,148,20,59,26,37,78,7,72
51,24,54,129,0,42,18,80,30,38,96,43,149,35,138,4,48,157,85,125,90,95,2,119,40,111,2,132,83,135,127,128
54,55,105,95,83,75,24,58,84,40,6,106,99,29,57,110,47,71,107,156,58,5,79,48,5,60,28,131,100,13,70,133
25,68,39,23,78,18,100,27,106,0,58,138,148,136,33,87,96,61,140,146,5,91,105,61,93,52,74,35,4,29,62,82
44,59,97,79,92,60,98,31,93,49,94,61,100,62,139,47,51,5,20,16,46,44,57,63,154,99,147,20,107,73,39,81
86,34,124,156,66,72,62,82,155,133,5,144,127,104,21,108,1,97,54,20,29,128,53,143,33,84,17,5,46,90,105,68
154,155,153,67,141,58,97,110,114,159,117,156,78,19,66,74,77,126,88,57,71,14,113,9,47,151,91,147,138,112,58,156
130,86,65,5,158,7,59,118,32,75,82,123,88,128,5,96,85,146,115,132,135,40,79,136,134,76,57,3,51,126,5,128
63,157,77,3,72,7,153,69,99,37,149,142,87,150,39,134,57,137,36,91,126,144,46,40,84,12,126,90,84,14,74,142
124,119,10,110,73,74,26,102,136,108,151,73,24,128,46,4,94,92,146,30,139,98,71,150,129,130,148,16,26,12,9,37
45,74,38,13,81,23,158,106,52,0,118,1,25,8,77,106,57,50,124,93,1,137,45,136,84,91,36,152,77,29,17,8
55,138,155,144,71,105,10,28,74,97,159,79,93,6,50,102,84,87,85,39,30,31,18,34,76,133,102,159,95,78,67,128
50,151,153,147,48,53,53,102,82,76,85,43,79,54,31,102,63,49,22,96,113,107,98,118,122,34,147,9,74,71,17,8
18,44,72,18,96,15,33,11,27,119,89,157,155,29,110,140,88,80,104,132,13,129,75,152,151,65,3,3,26,13,145,145
96,60,15,9,67,24,70,67,124,74,80,110,156,96,45,38,110,154,128,36,61,6,139,104,68,110,97,31,13,46,100,115
49,46,148,87,130,106,148,48,81,117,149,68,93,126,3,156,138,79,13,104,144,46,38,34,86,69,143,88,41,68,12,104
148,157,58,137,46,121,58,77,114,73,58,58,43,46,114,11,13,97,142,73,143,25,28,155,127,1,65,63,76,145,30,106
1,26,45,51,61,134,46,96,32,159,151,129,117,8,19,75,69,56,141,111,127,116,115,7,126,105,49,35,154,39,46,30
30,144,144,100,97,7,7,42,117,146,145,97,150,118,43,116,142,48,110,94,86,135,47,11,86,119,145,82,113,109,101,151
86,124,98,65,15,66,16,36,131,22,81,91,51,122,40,75,16,48,46,112,149,78,69,120,46,86,101,120,46,61,105,23
11,37,33,90,129,70,6,117,31,62,124,80,59,48,91,81,44,155,110,65,128,84,95,47,16,46,37,121,145,8,11,144
50,129,13,25,31,47,151,144,144,76,13,134,82,145,62,37,121,123,42,128,121,19,107,7,153,62,105,133,20,123,36,6
64,142,60,21,126,67,68,61,91,158,58,97,37,137,3,74,26,22,43,60,147,141,10,61,73,29,126,39,104,103,22,137
109,143,44,7,30,139,89,73,91,121,129,93,65,68,80,27,128,8,132,62,36,67,139,87,138,0,123,104,68,112,92,125
96,50,125,38,51,73,1,140,63,22,132,75,48,129,23,34,114,122,45,48,105,19,87,95,118,63,156,13,14,63,84,156
71,42,74,17,129,22,112,0,120,157,153,157,51,108,20,107,156,70,78,42,4,24,113,110,47,104,70,8,31,99,150,41
85,79,116,131,149,125,22,104,95,98,67,127,132,153,55,126,85,72,55,27,54,28,21,76,119,70,142,139,102,98,144,95
5,21,21,52,120,118,24,142,101,23,34,5,97,61,30,150,88,105,134,119,12,48,61,145,120,64,101,38,118,69,12,136
70,137,105,124,126,19,102,125,105,97,138,121,5,128,113,127,51,56,47,132,69,148,19,23,29,23,131,143,81,74,61,21
89,51,35,29,150,109,36,94,93,145,7,129,103,31,50,70,85,52,107,141,34,40,39,32,51,55,159,103,146,79,92,138
84,120,53,27,149,94,1,125,75,132,34,69,55,32,21,32,21,93,36,10,103,13,115,8,156,61,9,93,126,56,18,155
64,2,30,48,71,64,120,125,38,139,102,90,84,102,74,77,130,134,59,147,89,15,1,7,41,126,51,89,47,83,118,81
59,150,33,126,86,135,30,108,118,111,42,83,3,21,27,30,53,52,136,88,28,12,88,81,132,107,120,128,139,129,130,28
24,102,0,111,29,56,142,110,71,76,35,82,136,33,124,76,66,39,33,29,50,14,27,47,117,23,117,66,58,87,23,37
44,110,18,151,87,69,34,57,123,111,131,102,89,44,131,118,24,35,116,129,139,64,64,62,102,105,11,78,141,158,40,109
51,107,84,57,77,105,17,28,139,147,114,20,87,80,39,92,84,51,30,23,60,100,107,92,119,39,68,19,140,42,148,59
104,35,44,76,131,90,61,155,79,113,31,115,93,131,67,24,116,144,54,82,33,42,128,25,81,100,110,118,37,48,32,47
77,130,120,70,119,131,57,133,32,102,52,31,158,48,92,145,73,66,67,34,41,67,77,154,152,73,56,126,152,92,115,46
41,124,107,146,61,39,67,122,115,125,140,12,33,88,104,24,3,67,46,73,23,95,129,114,146,113,11,88,64,123,158,56
35,29,154,80,125,92,41,25,121,122,87,4,61,158,152,45,135,22,119,0,130,134,27,149,127,69,59,53,81,11,49,16
18,63,41,135,103,158,74,62,24,0,54,103,113,78,7,75,60,99,134,91,45,145,144,50,99,132,69,0,46,90,121,151
157,112,22,4,34,9,42,41,138,124,37,76,113,2,149,23,124,30,2,153,3,56,69,101,137,133,70,43,76,105,97,72
8,131,18,151,135,71,108,38,61,122,102,25,71,44,0,136,19,9,51,124,60,146,25,101,86,142,79,0,129,55,159,69
126,75,39,99,99,123,34,158,117,46,75,38,120,79,149,81,11,77,29,157,74,101,118,15,83,18,80,116,62,131,98,5
78,29,158,112,115,124,151,56,9,50,120,25,85,80,39,72,141,124,86,90,150,68,95,95,13,22,154,116,134,95,128,140
97,125,47,34,146,79,64,159,34,148,134,2,94,36,128,25,24,136,127,55,109,138,110,46,76,153,14,17,97,110,155,23
79,153,113,94,102,51,68,34,38,62,33,3,62,103,76,38,69,69,77,36,31,105,59,85,47,143,155,61,3,149,60,149
109,57,86,147,123,0,44,114,20,108,138,140,42,149,113,126,53,127,113,124,84,132,24,52,28,86,80,12,43,53,150,61
27,152,50,7,127,16,9,64,45,64,73,144,27,30,87,34,152,46,127,102,97,18,91,59,56,138,22,131,71,12,115,141
90,35,87,100,111,87,109,40,145,130,102,103,143,19,106,15,110,22,111,145,143,79,135,127,128,85,108,137,147,47,47,131
153,145,139,110,86,109,137,23,109,65,101,131,152,74,159,110,141,59,26,156,61,143,94,30,16,42,27,113,150,5,23,17
74,135,44,28,118,126,112,89,28,98,39,40,80,52,121,36,15,64,127,75,33,125,96,80,27,32,26,58,113,135,95,93
58,111,12,7,139,102,8,115,126,100,155,148,131,91,3,111,156,27,17,81,14,136,62,93,38,152,66,139,157,35,42,66
28,11,36,32,102,39,37,97,47,84,4,85,11,148,150,26,73,129,44,64,72,142,124,98,7,141,64,124,88,157,151,46
110,110,98,80,158,89,129,20,148,55,83,60,40,71,97,64,35,122,154,86,123,159,120,137,24,15,53,63,39,77,52,67
118,107,101,91,72,120,70,96,47,92,126,4,29,149,72,79,144,87,25,142,26,26,78,133,125,141,67,11,18,31,15,95
99,134,129,123,30,14,9,53,80,102,134,71,66,13,69,72,84,119,1,29,140,82,37,105,76,117,49,92,104,61,4,44
16,140,143,45,56,112,152,87,56,18,136,28,113,13,21,37,67,30,96,17,90,81,47,63,35,37,118,12,18,96,30,48
29,38,16,106,122,117,0,40,29,65,109,145,25,145,37,108,142,101,102,16,105,121,23,125,51,29,5,124,67,54,14,111
131,38,82,108,88,147,142,83,30,26,59,97,126,121,44,27,139,88,104,40,107,118,38,33,23,44,3,150,131,33,66,90
4,159,105,124,152,139,108,41,66,83,123,77,26,125,125,102,112,30,156,96,95,77,106,50,86,156,143,142,0,132,43,67
12,9,8,62,60,92,90,13,98,53,23,59,64,121,108,119,151,1,135,50,81,55,28,148,106,90,154,44,91,8,120,19
21,128,14,6,59,67,43,81,22,144,30,151,10,16,157,1,156,39,24,16,26,111,115,88,54,96,146,93,100,43,100,113
123,131,67,72,140,65,138,19,39,70,133,79,88,22,20,156,45,14,53,72,158,145,6,46,76,28,130,132,85,104,135,33
102,75,58,119,16,55,38,11,81,1,12,25,73,102,112,146,19,28,40,48,32,149,154,54,72,132,127,141,150,150,66,138
41,56,144,44,27,60,88,65,59,111,111,40,5,95,117,43,18,134,90,125,41,22,48,1,103,108,20,38,120,158,120,54
119,125,112,85,77,133,56,76,64,91,117,134,74,79,102,107,31,128,109,137,29,52,76,59,146,15,106,95,73,68,145,159
24,115,39,103,90,140,50,138,40,46,79,121,42,68,42,6,113,141,133,116,77,100,44,83,99,123,107,122,132,93,32,86
121,125,140,98,19,136,89,116,151,58,144,154,124,111,84,2,131,103,77,73,85,32,10,62,7,156,1,14,1,156,10,75
131,74,91,70,156,100,36,37,125,1,1,4,124,131,109,70,136,116,123,26,99,131,122,88,147,50,62,109,5,142,84,28
141,33,82,33,158,106,142,35,46,142,10,40,119,25,77,17,64,53,15,139,27,95,72,41,11,97,152,145,52,1,80,138
61,51,44,83,89,57,28,51,116,70,21,47,45,7,123,86,153,96,124,112,87,107,50,114,63,75,25,81,141,88,131,31
39,142,75,126,60,153,22,7,38,29,115,15,34,158,55,56,19,5,42,145,96,59,50,136,63,115,149,140,27,82,89,125
96,103,5,113,147,143,97,159,24,80,67,141,46,13,59,20,29,14,139,18,0,82,91,67,1,17,85,145,108,29,51,107
149,9,62,124,107,7,61,47,11,38,79,28,2,29,79,42,81,77,155,89,146,72,100,29,135,10,116,115,86,140,100,47
71,45,24,100,40,105,24,85,29,43,151,59,139,102,41,57,31,4,36,45,23,140,34,34,99,96,148,15,37,68,27,144
33,65,56,99,132,51,81,53,64,156,139,108,62,84,51,63,67,23,98,113,153,120,132,148,52,37,71,92,58,13,91,137
145,22,65,37,137,2,41,107,58,22,2,19,68,148,74,4,13,19,27,126,95,41,7,109,93,92,3,119,153,47,108,30
54,13,87,30,5,83,101,21,111,20,61,13,14,102,151,14,9,123,89,141,10,43,41,93,159,115,50,139,145,127,120,41
18,97,91,148,153,75,118,42,125,112,103,79,39,33,30,136,9,47,117,87,48,102,26,60,44,16,129,11,93,108,76,151
5,2,8,100,130,133,26,77,13,92,113,25,53,31,147,51,82,91,71,106,54,134,1,144,125,91,141,55,100,87,153,34
4,33,157,57,42,137,152,68,36,112,128,19,15,17,10,40,114,9,108,47,152,103,103,9,100,45,152,110,2,62,62,114
128,132,51,14,29,61,151,106,98,122,81,127,143,28,139,36,100,122,62,40,124,71,68,116,55,142,69,98,102,152,51,36
105,49,107,94,40,159,131,13,56,54,90,106,21,106,97,118,28,135,54,2,123,126,137,26,46,118,80,107,123,37,79,75
32,81,95,140,72,95,99,31,122,31,36,11,130,97,159,57,45,142,36,134,58,117,29,89,152,48,106,74,33,134,82,69
35,141,14,47,84,104,32,115,11,121,84,7,111,64,103,47,34,135,7,29,155,38,15,118,55,52,53,147,4,75,89,63
17,130,143,107,12,33,0,21,139,44,63,57,41,80,113,46,70,43,156,20,131,125,111,51,37,140,17,19,101,127,73,59
82,97,156,156,125,104,90,53,77,106,128,62,30,4,10,21,43,112,159,18,10,151,122,39,61,144,80,87,91,24,69,28
129,136,18,130,100,93,122,82,71,49,54,130,8,125,9,75,64,88,130,114,100,53,39,106,25,21,150,145,13,35,115,131
102,79,110,12,73,45,41,11,154,72,1,24,32,32,33,17,69,25,111,13,83,148,139,84,150,158,54,134,119,78,45,90
115,5,58,60,12,66,73,108,147,99,154,16,156,11,15,159,27,41,127,129,132,123,130,152,68,89,24,84,64,10,111,18
98,155,86,21,51,158,60,151,64,157,43,157,68,97,148,120,92,138,82,4,40,44,84,75,81,54,117,101,123,48,137,31
33,86,144,40,97,48,53,104,137,115,128,147,141,25,99,59,111,86,135,55,49,18,5,39,18,42,67,49,94,125,103,159
56,135,149,61,72,69,158,140,100,117,155,112,66,125,128,107,90,45,144,127,129,144,92,51,52,36,141,102,78,121,52,22
148,45,27,117,76,127,154,108,88,63,87,61,146,47,14,58,149,126,146,88,1,104,123,65,100,159,90,105,76,20,25,45
131,40,27,10,112,140,44,44,149,71,122,33,65,12,62,94,59,71,67,13,108,65,65,121,36,57,132,140,112,124,13,31
134,59,65,85,56,77,117,157,78,48,0,148,95,39,70,39,94,114,111,14,70,3,146,65,90,82,90,113,85,102,66,123
48,130,49,62,133,95,118,98,77,100,4,135,143,86,80,81,125,26,39,13,119,110,78,131,94,133,11,76,105,49,30,7
82,30,116,110,63,82,73,54,3,117,114,81,16,4,103,114,37,14,79,84,117,87,23,54,7,131,10,99,28,42,150,142
22,30,64,152,107,24,96,150,124,82,54,36,59,154,16,2,17,157,149,111,30,7,154,54,112,102,154,42,144,119,66,155
52,56,79,12,100,61,15,4,20,15,136,3,51,87,34,71,137,36,41,147,79,85,84,61,153,91,41,5,138,36,42,58
56,28,3,99,130,142,80,133,27,57,32,36,159,83,26,112,85,5,87,117,133,128,73,53,5,38,62,154,156,3,15,7
21,134,64,123,88,107,55,11,126,158,15,12,3,115,106,142,135,108,149,61,132,6,117,159,34,2,20,78,103,23,67,14
120,27,98,45,30,48,4,113,45,94,111,77,15,6,137,101,69,132,139,10,107,18,59,22,38,46,124,135,8,16,108,32
33,124,35,78,133,67,32,14,24,133,34,70,17,56,16,45,141,29,60,68,105,119,132,67,159,34,45,79,134,142,11,66
133,76,157,111,44,97,83,38,103,27,1,10,83,39,135,93,34,42,71,103,121,9,23,87,86,23,41,63,123,81,42,106
62,49,154,7,52,47,32,69,140,70,0,139,31,47,157,9,145,112,10,17,31,49,121,111,142,126,99,77,44,56,47,35
22,60,96,50,101,53,109,145,144,36,75,123,148,85,54,65,120,48,157,83,52,119,47,123,11,139,141,11,11,103,31,105
10,10,63,135,144,24,17,41,11,97,43,31,8,74,70,73,94,19,115,74,88,106,101,94,149,75,79,154,59,0,153,81
2,83,125,87,144,106,112,58,49,54,93,18,89,89,82,132,70,99,120,53,2,53,33,133,9,79,157,73,37,138,151,8
29,61,134,16,48,120,1,36,4,57,26,133,145,57,41,124,149,115,82,77,110,79,65,44,99,2,75,3,66,118,78,116
125,6,89,141,154,9,92,114,12,5,22,118,19,1,91,157,6,20,54,6,0,16,26,118,9,128,122,142,89,89,107,126
89,111,43,10,76,83,138,92,15,74,9,105,49,100,124,101,88,27,111,50,141,144,147,97,137,3,83,2,101,146,110,158
129,57,76,73,28,12,73,72,52,87,12,9,126,45,84,39,81,70,145,50,57,118,130,127,124,154,124,36,13,148,73,91
100,139,113,105,6,55,94,157,83,102,149,30,92,86,36,153,158,76,108,148,14,140,26,85,151,142,110,112,78,74,73,85
25,115,26,48,137,120,139,86,154,68,35,123,67,18,27,58,97,52,141,107,34,34,74,132,117,111,7,69,45,156,56,150
12,18,113,93,12,133,4,51,25,97,50,137,38,80,128,19,62,108,20,158,148,12,147,127,56,110,68,16,94,97,35,118
45,145,91,111,108,58,29,34,82,132,84,52,133,112,101,19,32,6,30,83,60,82,59,97,147,6,154,23,147,141,88,69
136,43,146,22,134,118,138,133,94,115,13,126,13,66,80,114,104,96,66,140,117,38,144,74,135,82,40,115,19,95,11,3
125,100,53,19,39,35,66,158,86,71,115,144,73,115,44,42,42,76,94,90,35,131,24,154,138,16,120,145,109,9,76,82
7,108,122,52,44,148,155,9,153,58,119,98,29,19,134,149,38,45,112,108,81,17,141,15,125,42,0,12,120,99,123,105
120,23,57,38,141,71,2,152,130,14,30,84,44,154,50,82,122,151,98,135,114,65,65,30,48,116,92,110,32,79,97,155
99,93,1,23,56,82,89,56,138,105,136,107,123,77,80,32,21,107,19,8,141,62,150,58,38,57,57,82,84,18,124,78
143,122,0,100,102,144,98,12,9,50,68,82,157,50,50,119,13,156,15,10,155,69,143,67,21,121,64,100,151,44,88,20
136,15,135,148,130,123,93,122,14,35,19,46,42,114,73,29,15,69,52,67,108,68,136,103,57,103,80,116,66,63,108,157
66,76,52,11,83,62,29,130,111,112,75,5,146,127,1,119,110,66,25,50,147,153,110,108,142,36,44,40,155,141,122,154
135,93,93,76,147,82,144,96,98,155,109,142,36,39,22,15,127,67,145,96,30,50,53,66,49,43,137,119,35,75,55,60
106,104,119,140,22,158,132,96,126,50,46,135,92,31,50,56,26,104,69,21,58,1,39,144,34,29,143,142,4,145,115,40
86,18,66,118,22,146,93,19,61,118,106,8,70,76,48,127,55,127,28,51,131,50,140,132,122,7,96,71,10,54,30,59
151,159,46,41,87,14,135,142,27,87,24,24,76,28,26,156,16,5,156,18,22,80,42,62,107,16,77,98,139,144,48,105
64,73,94,134,111,34,4,25,145,34,154,52,128,89,23,35,70,143,153,140,70,111,74,68,105,31,54,5,23,37,128,63
154,103,114,14,43,108,129,147,47,86,4,159,35,125,129,33,135,138,59,109,84,59,91,85,102,121,112,1,30,65,30,154
20,137,94,80,127,36,158,85,148,118,13,4,77,143,13,24,53,158,121,31,119,136,8,66,156,93,102,141,58,75,10,139
155,40,89,97,7,35,3,65,18,121,75,64,23,107,51,18,105,7,55,48,1,128,56,132,53,89,73,5,137,102,11,7
14,8,101,123,121,79,145,143,121,43,129,28,133,127,112,130,82,1,120,73,114,147,143,91,80,75,78,57,127,91,73,92
106,25,77,157,77,8,159,149,6,49,21,46,154,23,77,106,10,137,144,24,127,56,143,53,102,6,61,138,95,159,53,72
79,87,39,145,28,148,73,54,46,52,54,8,43,84,104,14,71,13,106,40,4,34,50,120,117,83,34,18,17,29,106,99
146,147,140,92,66,23,13,133,33,72,106,111,84,28,32,46,136,29,89,100,109,39,150,30,124,143,85,55,75,39,109,117
124,88,48,41,157,154,33,85,116,39,150,135,79,123,26,124,147,5,24,12,3,123,12,64,15,109,109,11,108,117,79,18
77,81,24,125,14,46,18,106,18,58,13,74,144,93,33,98,3,28,157,70,59,9,94,23,32,136,13,107,96,108,101,38
66,7,85,134,57,107,73,7,24,105,66,138,89,152,14,13,95,4,156,65,54,146,155,8,59,103,56,35,72,47,106,18
52,112,134,149,108,150,94,113,80,129,145,51,24,115,31,134,6,67,101,111,50,18,114,28,11,138,29,50,29,95,25,90
19,100,64,115,154,40,146,126,156,45,148,110,96,49,18,85,39,31,80,118,119,136,142,104,17,29,125,76,93,55,52,39
7,73,57,99,67,156,134,92,115,114,94,91,148,70,102,18,48,59,77,157,90,115,57,47,92,80,70,29,10,25,155,83
125,141,84,149,145,40,99,82,50,132,113,29,116,4,68,62,77,85,134,140,39,2,41,38,56,51,116,97,77,50,123,31
21,60,62,13,106,20,133,121,13,92,115,120,92,10,57,67,56,64,71,22,94,66,81,47,62,62,145,41,99,15,56,29
88,118,14,137,157,50,27,42,131,155,47,141,10,156,59,68,47,140,78,119,14,80,34,131,111,61,159,128,12,148,53,122
29,28,120,24,39,118,157,137,70,7,148,21,28,134,93,112,56,146,21,57,119,108,14,56,110,82,53,15,149,42,132,142
93,39,145,72,40,70,129,124,116,37,48,6,83,79,145,12,111,43,130,96,154,150,106,12,153,127,40,131,40,24,123,21
50,67,76,113,50,40,37,91,3,43,121,5,85,119,82,128,107,90,55,112,121,40,129,32,80,6,75,62,129,124,79,57
16,12,134,32,123,119,84,21,118,56,51,30,50,150,46,62,64,154,133,151,13,50,120,80,144,89,78,125,141,92,19,105
19,52,115,55,25,70,125,27,36,67,132,151,11,93,27,37,10,129,116,130,82,111,9,82,37,36,59,67,6,139,15,107
3,99,134,37,63,86,142,7,6,35,73,26,104,141,81,108,130,16,150,85,141,105,111,88,125,102,118,56,155,54,10,148
136,45,118,73,148,19,114,94,119,92,76,72,69,133,133,36,57,64,62,20,116,76,20,101,15,106,56,154,41,1,81,32
23,7,78,124,128,84,9,73,121,25,60,110,38,69,69,158,103,97,131,24,77,66,104,100,47,66,131,138,15,159,126,48
64,137,27,99,144,124,112,73,112,148,128,78,153,40,153,150,104,25,112,81,116,44,139,3,30,38,84,130,63,116,6,118
23,143,21,133,21,109,11,97,109,64,155,43,150,28,5,110,151,143,109,66,116,24,100,30,10,101,32,10,141,54,2,84
74,72,39,61,2,136,79,41,60,59,46,27,71,126,78,105,20,66,137,108,49,48,33,66,73,91,10,69,66,127,104,44
107,140,149,3,77,125,94,107,33,106,39,54,121,49,52,104,20,150,41,89,123,37,11,157,89,118,154,37,52,70,126,107
26,126,49,68,153,140,143,31,59,7,18,132,133,17,105,65,120,158,24,46,93,83,1,79,84,2,0,114,123,53,109,58
56,3,92,35,7,57,115,147,70,148,151,127,95,99,41,111,94,132,53,43,17,32,8,141,103,2,15,150,21,102,95,87
33,84,42,11,113,139,127,42,59,82,20,19,148,104,104,111,44,102,31,50,50,59,159,84,141,97,104,93,75,36,60,117
126,145,99,112,32,10,156,130,119,7,1,42,1,67,31,109,38,60,35,158,9,100,66,35,108,110,102,133,50,42,23,107
10,62,142,141,31,49,14,114,113,55,154,88,125,141,105,140,68,106,113,24,44,14,159,89,10,64,102,59,20,102,114,71
81,98,38,27,151,106,3,88,101,54,8,103,32,76,100,87,135,63,27,84,63,122,106,142,152,80,72,8,120,65,132,42
19,34,34,24,94,76,155,135,14,89,90,36,140,120,23,52,84,13,38,67,9,83,55,16,20,129,11,13,69,25,37,123
88,108,111,111,128,93,125,83,31,142,81,117,143,0,156,117,22,111,53,132,40,0,114,147,116,134,150,29,60,156,110,25
150,139,120,133,89,132,57,130,41,129,79,46,53,54,88,69,27,50,98,92,80,129,71,77,152,6,84,66,86,64,34,75
57,64,59,116,66,49,78,65,105,19,76,46,128,14,24,118,75,17,103,21,134,40,25,56,143,80,92,88,9,63,60,63
61,20,127,47,42,103,25,138,154,154,109,56,102,100,131,62,140,22,98,154,0,29,33,55,44,78,67,18,1,10,49,121
150,81,16,12,36,13,47,30,34,42,106,132,53,80,89,83,26,14,58,154,28,148,46,150,56,108,89,10,74,107,78,17
155,125,50,92,132,96,30,110,103,2,1,120,14,108,70,71,120,128,104,121,114,51,0,18,18,32,112,105,58,79,80,33
106,42,39,147,43,74,10,134,105,98,129,114,94,85,92,148,120,18,38,99,136,84,49,36,117,131,95,158,67,153,18,99
125,153,68,8,10,132,107,19,45,92,135,39,131,38,122,73,59,41,148,50,54,104,153,31,140,139,156,64,135,29,53,130
63,34,1,93,66,150,121,70,100,20,54,103,95,132,146,3,106,134,83,121,106,80,12,33,98,118,65,98,29,83,64,117
91,76,41,27,101,69,146,69,48,107,120,51,127,8,95,129,0,126,45,44,81,64,52,17,80,115,75,97,118,42,23,125
137,147,102,18,122,68,113,124,30,146,124,68,19,20,51,120,60,16,44,79,36,7,81,23,77,26,30,136,83,67,6,90
5,62,151,98,8,0,23,153,159,123,92,140,16,62,126,51,46,126,6,77,38,129,69,18,151,128,121,149,79,127,26,117
12,16,58,95,118,147,94,10,115,123,20,109,119,81,32,103,6,130,113,62,28,159,49,130,22,62,4,15,95,58,90,88
110,2,107,156,27,98,61,81,29,154,94,43,102,150,110,30,80,124,122,111,104,105,71,8,47,154,142,54,39,61,97,127
36,53,158,120,138,144,90,146,84,93,67,6,131,132,45,144,18,65,151,20,127,120,131,121,138,151,18,142,0,142,50,71
55,27,114,20,104,13,87,56,115,109,16,105,52,36,80,90,38,142,128,128,136,56,33,92,102,17,131,140,30,92,145,137
86,51,146,100,137,154,158,22,113,113,157,112,99,73,41,46,22,149,113,117,79,121,109,41,101,72,89,31,108,60,73,109
110,131,143,80,83,1,86,18,125,12,75,138,38,69,157,66,121,39,109,3,10,99,35,77,29,42,52,79,96,48,128,70
88,1,6,7,89,41,5,25,94,82,103,119,151,50,119,141,61,31,28,69,159,9,115,78,14,16,35,90,80,110,27,102
70,7,64,86,61,16,71,158,10,12,127,27,107,3,26,140,32,68,18,152,63,27,106,49,43,55,29,70,21,32,148,144
63,74,52,134,40,32,138,37,94,46,15,154,145,87,65,90,89,146,3,77,24,104,101,24,6,84,23,122,39,98,95,152
158,78,101,3,55,15,86,156,72,134,87,2,135,71,31,120,76,107,60,136,51,36,2,71,49,41,51,53,46,157,27,39
117,65,80,109,34,46,52,83,125,35,93,11,88,38,120,131,91,150,76,79,29,67,50,104,64,28,41,91,90,11,156,49
150,110,155,154,31,75,96,138,12,54,122,87,146,121,3,86,15,41,142,116,137,53,39,12,123,2,132,5,158,0,125,159
136,2,23,4,144,143,19,117,70,101,25,138,116,114,35,103,26,139,65,52,43,9,134,105,129,14,82,4,73,132,142,39
43,65,64,33,10,17,123,140,85,78,6,82,134,77,42,23,50,11,74,112,85,5,85,9,143,7,159,108,131,81,84,109
113,144,145,59,76,53,157,32,62,135,119,70,86,51,22,18,56,131,3,77,14,146,24,29,29,158,112,6,101,100,132,100
121,129,89,124,103,147,65,106,100,125,156,152,103,32,89,17,34,143,52,73,74,32,64,141,92,8,139,133,101,1,55,41
115,94,74,18,44,149,91,129,126,11,86,141,131,20,41,6,90,74,113,123,132,1,102,103,151,79,78,128,109,6,148,150
109,101,100,124,44,51,8,20,118,24,66,29,105,124,17,78,129,81,116,14,156,89,23,64,126,55,143,46,135,9,7,125
94,108,49,85,25,126,55,107,49,59,94,116,136,146,74,33,156,114,85,52,116,3,110,124,42,114,64,4,31,129,71,84
142,123,31,121,115,14,47,77,149,140,147,118,86,23,102,38,93,122,107,129,60,76,99,72,6,154,103,100,152,41,74,62
90,140,91,36,138,1,42,59,33,95,99,90,135,24,4,137,100,37,48,6,94,89,32,29,73,139,36,147,60,1,87,106
71,15,52,151,122,55,61,53,29,144,14,118,110,50,140,20,133,121,43,43,91,37,132,110,27,37,81,82,65,138,73,140
11,146,128,62,6,110,145,18,156,1,131,93,59,52,48,78,55,26,79,23,45,81,1,10,72,70,140,23,106,57,104,29
98,117,48,5,19,142,51,7,123,6,154,151,110,137,4,116,23,35,84,149,156,128,82,84,99,51,37,151,106,53,107,126
4,138,3,84,89,12,126,131,0,55,24,11,126,27,105,7,147,87,34,143,44,140,59,152,9,8,12,75,93,19,104,19
21,115,11,46,151,38,146,19,131,82,6,16,132,55,131,30,77,38,41,64,61,52,95,126,50,8,10,38,73,67,26,110
83,59,138,4,2,111,11,58,57,93,22,46,130,149,82,20,82,23,5,121,34,101,38,134,20,14,117,35,12,88,82,73
123,75,53,113,49,58,80,120,51,39,84,159,74,45,77,58,110,111,112,134,34,51,50,7,15,63,25,53,74,100,75,146
31,158,63,80,48,7,127,119,0,24,14,38,55,45,63,152,26,98,26,119,144,33,137,43,1,114,137,11,38,15,135,89
122,51,148,109,107,121,104,40,14,50,103,142,26,49,92,98,131,46,122,106,66,100,112,151,133,129,5,133,5,150,70,18
4,143,8,26,48,53,35,48,151,127,28,86,96,47,115,56,92,21,0,124,115,118,144,155,42,96,32,97,158,32,12,57
130,29,73,121,84,12,109,45,101,140,20,129,1,82,139,10,125,49,75,157,22,106,80,73,159,98,58,101,148,121,156,110
60,103,26,65,92,27,132,16,70,3,136,10,19,106,14,22,12,14,126,25,13,85,64,124,144,66,86,17,0,47,38,21
151,138,22,106,59,19,31,52,57,75,31,2,0,10,47,25,77,96,142,102,25,82,113,21,26,65,81,17,31,101,76,1
54,135,52,61,95,67,17,145,46,68,2,67,19,60,128,133,147,91,146,42,100,89,20,40,148,34,131,93,35,83,133,25
19,87,88,56,31,153,118,79,47,16,103,23,73,5,90,12,112,140,134,151,95,89,61,35,107,76,32,120,21,76,152,126
19,52,118,26,157,69,65,140,34,136,70,105,56,117,68,110,88,9,148,110,44,42,20,63,0,1,49,23,19,144,100,104
156,145,53,83,107,125,43,56,137,151,125,145,148,75,84,119,144,75,99,13,99,115,32,22,5,143,72,133,130,33,136,81
10,56,120,110,119,3,87,5,38,92,133,96,70,122,109,34,95,132,7,39,151,123,22,13,77,30,56,49,65,121,77,98
15,116,10,104,20,79,122,67,148,128,157,59,117,37,2,159,35,127,21,138,65,124,125,1,121,141,103,33,20,112,107,154
35,66,122,4,39,140,43,106,101,141,115,62,87,23,80,71,60,118,35,114,140,45,150,101,30,98,59,117,75,18,113,51
155,94,23,62,11,90,145,46,130,140,54,11,137,128,113,20,159,150,152,128,102,100,26,18,20,118,47,67,41,117,141,120
123,75,88,0,98,15,135,54,13,44,92,51,1,106,104,91,33,24,48,8,127,143,5,149,22,2,123,91,125,26,79,12
2,107,95,30,155,149,8,116,146,78,32,88,49,132,62,74,111,120,45,77,14,76,27,11,36,67,147,63,12,159,71,42
115,16,37,75,159,31,119,46,127,84,130,110,53,8,89,38,97,65,141,93,76,82,14,21,69,6,95,146,112,127,142,86
19,119,156,74,52,85,93,17,49,68,151,102,79,62,116,55,56,106,1,55,40,48,31,149,62,149,11,116,99,149,11,30
73,52,48,64,32,54,129,55,47,7,109,24,52,141,134,109,78,83,59,98,155,48,10,103,69,115,103,56,70,71,135,145
142,155,33,36,35,55,132,159,135,5,72,50,139,111,8,95,24,9,155,90,79,40,33,25,90,115,81,156,70,126,152,87
104,98,146,92,10,119,87,98,32,123,159,22,13,84,122,8,94,128,81,111,111,67,121,77,110,109,54,109,64,121,140,67
43,75,39,43,152,71,49,134,4,26,115,18,114,16,158,42,46,43,157,12,113,110,4,30,34,119,86,1,29,48,62,31
134,71,112,136,14,158,92,157,10,61,59,121,93,140,29,24,149,146,5,35,25,0,84,128,16,138,81,158,155,138,143,31
127,14,36,124,44,28,42,101,75,48,65,53,79,47,110,36,138,146,7,150,99,18,157,92,100,74,147,59,98,116,27,117
155,136,38,157,21,77,151,147,118,106,49,104,158,130,42,76,51,138,119,99,88,142,108,135,13,122,82,109,26,120,138,111
158,29,125,112,37,101,62,103,126,0,103,26,104,15,25,101,153,92,158,9,75,5,41,158,45,155,66,61,91,1,24,10
117,156,110,82,125,17,138,52,10,87,48,94,51,99,138,129,129,158,74,25,147,83,47,105,28,30,42,89,118,111,9,63
73,23,124,103,54,31,42,77,140,151,71,85,143,3,91,11,122,102,60,108,114,108,88,100,159,135,45,93,29,20,137,24
5,138,152,15,101,152,148,51,141,33,114,79,149,86,21,16,45,64,72,141,16,60,147,142,106,81,129,49,29,3,102,32
145,75,1,47,153,107,32,110,149,130,149,30,18,81,22,47,152,52,147,11,110,37,50,136,82,62,158,98,150,159,158,36
147,83,66,71,55,29,11,159,45,27,30,27,67,91,14,110,45,48,45,32,19,68,150,39,57,28,132,69,64,73,75,71
97,63,12,131,33,57,92,26,110,33,120,109,69,0,36,102,42,16,37,36,154,95,81,86,7,22,68,64,159,72,140,132
28,14,50,96,71,139,29,79,4,120,92,52,83,81,53,32,128,119,89,142,124,86,81,44,40,30,9,57,2,118,30,6
148,32,23,159,11,137,145,73,23,12,96,132,132,132,147,57,144,121,49,157,97,159,30,17,80,121,124,51,151,115,73,52
15,103,68,3,72,7,110,111,10,6,96,42,53,2,23,129,111,111,3,37,147,150,10,94,122,114,130,52,57,20,58,150
9,104,124,29,108,60,110,86,62,32,151,84,39,47,6,53,38,149,156,128,148,129,62,155,67,32,45,95,73,69,28,103
115,3,54,102,3,20,2,52,99,140,95,38,82,56,56,61,9,44,71,25,60,140,114,141,55,45,130,29,46,15,122,135
47,28,138,87,103,95,154,72,1,89,104,34,15,15,140,79,80,130,66,158,27,137,20,78,141,31,76,100,100,99,16,22
75,93,121,59,101,27,148,33,75,131,142,47,150,85,58,71,3,54,115,31,68,29,22,103,115,143,90,143,37,61,75,127
99,28,117,156,4,24,3,55,44,133,156,125,10,59,33,34,77,24,143,67,1,141,157,131,150,135,16,17,106,63,141,84
112,119,69,68,11,3,123,101,150,33,151,136,97,2,5,58,32,101,8,141,31,94,105,84,158,131,68,115,152,102,46,82
54,92,80,31,28,101,42,5,105,53,66,41,61,113,54,124,51,31,115,95,133,33,71,19,112,152,62,151,69,135,87,91
63,126,123,90,55,152,27,112,37,68,105,91,10,60,2,81,16,11,156,121,124,107,77,159,9,151,141,143,66,55,88,126
144,22,100,116,35,61,135,79,114,54,124,83,134,148,140,150,104,83,106,68,13,20,138,13,54,33,52,108,154,89,20,103
95,26,105,71,24,153,159,106,159,155,76,2,90,120,103,126,105,58,55,10,141,56,86,43,107,34,133,25,141,5,153,27
143,129,130,22,139,96,38,148,62,87,34,79,0,106,124,94,103,97,10,112,96,101,79,38,1,53,75,0,16,133,74,81
59,49,20,34,61,55,48,97,159,74,122,52,157,111,54,106,29,3,20,124,63,42,108,143,5,55,121,64,130,49,28,107
159,62,83,39,14,117,86,36,116,84,111,142,41,107,68,33,81,128,71,14,132,102,39,121,67,91,17,152,119,21,159,90
85,128,64,93,54,76,36,2,72,65,158,11,98,3,121,133,154,74,40,44,50,74,157,95,107,32,132,129,112,144,142,141
133,159,122,11,31,58,27,115,152,146,128,130,88,50,59,140,11,9,119,28,13,90,134,89,112,1,126,109,61,152,35,109
129,130,0,103,87,77,41,83,110,87,142,44,27,83,137,119,118,17,137,155,70,112,115,59,105,155,6,117,15,64,142,2
128,131,90,130,13,68,27,65,32,51,72,113,95,135,42,33,15,140,116,114,135,97,6,97,125,50,47,39,14,16,125,121
143,96,44,98,62,37,14,93,42,74,122,68,27,98,126,64,155,113,52,116,53,140,21,0,129,91,104,60,132,135,78,67
52,41,33,75,75,99,12,22,118,3,130,51,148,74,95,45,95,142,25,142,132,61,127,113,2,52,26,37,9,141,131,147
31,71,10,146,129,34,142,45,46,44,148,148,109,42,75,30,56,147,156,105,50,114,146,135,154,132,100,9,105,126,72,62
114,104,158,21,133,83,102,106,8,45,10,86,49,47,52,90,15,96,55,136,123,42,36,5,50,16,0,38,104,44,70,55
106,5,0,123,158,129,6,56,140,101,154,68,94,101,2,50,74,103,14,18,154,151,114,41,76,71,84,87,153,153,52,147
78,43,79,56,47,90,8,129,137,111,149,151,130,52,13,31,140,146,64,25,139,141,97,150,85,85,7,67,112,68,48,139
73,95,39,86,158,20,126,47,128,112,94,81,135,94,72,42,74,107,26,46,91,67,59,104,104,106,65,44,139,19,60,122
84,62,142,95,33,61,64,149,154,22,137,35,71,0,98,19,138,68,11,2,56,102,137,149,85,49,7,111,89,36,39,80
63,105,45,107,40,0,39,22,104,103,74,10,3,43,16,128,120,45,88,121,46,55,132,28,150,18,63,38,38,104,60,68
47,120,135,98,129,139,152,66,85,136,75,63,144,149,56,154,56,0,94,81,127,152,137,145,44,21,63,100,123,51,0,30
64,79,137,79,124,53,99,67,155,153,123,30,130,76,102,35,54,124,84,96,128,133,1,151,52,112,41,144,93,0,82,114
57,68,41,32,26,146,67,149,10,87,96,42,4,144,29,149,158,62,142,155,68,104,118,56,17,39,58,146,97,144,138,12
24,130,112,40,38,56,29,0,151,117,81,31,104,154,55,75,42,33,139,9,142,45,99,109,53,22,61,134,84,91,31,140
5,118,44,134,54,104,6,153,133,66,22,61,54,150,155,131,48,14,94,21,78,20,155,114,5,158,74,0,102,54,54,96
96,83,61,58,143,15,108,53,50,141,122,31,77,94,155,154,51,98,13,103,127,112,76,19,7,7,6,37,145,80,128,151
65,50,53,127,107,127,100,123,41,55,48,136,27,113,52,80,34,39,142,156,49,87,149,105,53,44,74,114,7,21,157,6
30,129,113,37,137,23,144,66,82,45,14,148,21,121,139,93,86,99,80,65,127,38,81,137,4,61,137,152,1,103,152,19
149,35,129,109,135,151,42,17,102,73,2,66,73,136,148,106,147,106,108,122,140,130,123,31,138,139,158,46,156,57,62,136
90,154,115,12,90,93,4,62,40,148,92,17,29,59,159,9,78,125,65,120,76,54,81,121,45,152,45,134,78,60,130,16
60,119,107,48,24,3,83,155,73,140,78,3,86,17,64,47,110,34,151,3,143,91,73,118,80,129,145,150,99,77,43,152
62,23,124,39,44,85,147,8,45,128,144,139,69,63,43,8,151,112,45,150,19,111,152,136,6,83,39,66,123,35,59,110
101,45,99,138,114,110,121,150,76,138,15,22,82,80,149,69,63,67,96,156,159,53,114,118,134,2,61,44,46,101,0,76
131,34,156,125,77,127,98,132,13,103,47,149,121,85,94,15,40,101,119,117,155,90,17,46,148,103,57,81,2,68,83,44
45,84,156,12,34,151,49,83,102,151,75,92,89,158,16,107,136,91,13,12,155,108,53,6,71,72,143,124,8,1,97,65
5,94,76,143,110,72,25,155,3,74,149,144,50,147,132,80,35,140,51,138,32,30,108,25,58,48,5,77,157,4,78,143
78,52,84,86,2,99,114,84,37,141,39,108,56,98,49,111,130,103,0,60,117,17,107,2,123,153,126,73,15,93,152,146
135,141,87,44,155,146,97,76,2,6,107,142,28,91,65,152,64,1,104,104,27,117,30,68,30,41,136,100,65,10,36,1
147,37,130,53,33,157,117,12,99,5,153,157,116,69,151,104,59,45,50,12,4,52,51,112,78,154,119,78,121,134,27,29
62,62,100,91,37,6,68,117,45,70,153,94,47,64,1,69,118,60,129,116,135,43,8,4,6,112,21,131,157,45,46,34
58,8,78,56,77,154,39,84,31,148,86,30,130,7,98,135,115,132,88,31,145,21,147,50,129,151,58,154,157,95,57,89
139,99,86,11,50,120,122,76,93,135,74,99,159,127,57,146,119,9,28,125,43,96,49,159,122,16,105,48,125,105,157,46
68,2,65,34,48,17,109,98,70,68,157,54,110,23,107,59,61,123,23,129,27,27,131,150,104,150,158,11,35,93,125,130
98,30,69,131,35,22,115,57,130,85,136,39,80,132,5,12,133,95,80,73,111,40,139,9,69,159,126,57,155,61,47,16
119,45,62,120,78,5,24,153,119,109,79,151,79,159,106,81,106,11,117,153,39,19,49,74,126,134,8,48,59,103,104,103
135,23,8,23,109,91,56,2,22,89,6,100,136,60,114,67,52,12,50,90,145,141,119,115,154,42,47,3,58,143,46,108
156,137,37,66,50,142,81,91,99,105,112,39,0,74,148,75,68,21,129,132,38,41,79,92,37,150,125,117,62,0,90,13
67,28,138,70,101,131,55,4,44,18,80,98,106,3,37,128,12,35,142,98,20,111,146,57,143,108,142,30,150,16,135,2
70,141,65,53,148,13,101,29,101,22,92,82,146,129,67,0,85,41,71,152,6,16,44,36,73,75,0,105,31,134,50,53
126,144,33,95,67,92,66,13,28,88,25,57,116,94,83,77,62,56,107,69,79,23,70,15,28,154,12,35,13,36,105,103
61,63,21,70,41,11,7,57,52,5,87,20,126,4,9,137,52,137,145,124,66,27,102,22,8,110,102,157,57,80,143,13
86,155,71,80,29,50,48,102,0,68,53,32,10,56,92,69,44,94,79,147,22,69,41,66,27,43,62,67,2,21,13,131
57,48,106,153,28,23,35,33,60,18,36,76,78,29,92,109,46,27,35,9,110,96,78,136,37,123,8,140,67,77,33,120
54,105,15,154,93,88,44,84,99,154,155,110,102,133,19,72,73,74,37,47,5,34,32,64,103,118,120,111,89,152,118,121
11,75,27,85,92,138,68,157,103,58,90,102,64,148,153,92,148,129,39,147,122,64,135,29,2,73,57,150,50,59,31,6
70,53,94,126,42,90,159,131,82,52,53,55,84,155,97,66,8,99,33,60,53,118,125,72,20,75,62,29,41,53,69,68
111,20,71,113,95,27,146,114,17,64,91,101,53,158,52,70,124,80,121,12,131,44,43,68,76,68,14,154,140,74,128,56
115,82,35,33,80,16,67,79,108,101,94,55,154,28,93,116,98,148,50,159,104,125,57,13,150,30,41,111,97,116,9,72
93,9,49,54,54,85,15,56,20,139,103,133,109,25,82,156,135,132,83,16,141,71,47,64,28,35,43,113,79,4,112,96
0,96,80,114,126,42,125,142,73,2,58,87,127,59,100,129,136,39,152,35,115,157,147,105,92,40,80,146,72,108,7,52
128,54,65,132,5,72,125,115,60,79,34,95,151,12,140,62,11,82,73,32,55,78,101,5,65,78,62,94,15,28,14,27
120,18,32,55,93,73,89,82,93,60,34,145,65,58,98,147,92,72,59,73,138,36,96,17,87,2,110,125,71,33,15,132
148,23,118,96,84,117,138,19,31,122,120,91,11,22,141,75,51,40,146,122,142,52,81,125,67,62,57,93,54,145,158,63
115,72,47,28,86,109,37,5,137,95,72,85,84,29,126,15,51,89,122,141,118,156,9,8,18,32,40,157,87,72,83,54
62,39,62,117,146,42,113,79,112,64,149,130,95,4,154,155,95,136,89,151,146,99,30,84,40,34,72,51,76,40,132,17
112,2,38,76,101,88,132,120,83,42,136,143,39,70,117,147,58,110,70,144,48,74,53,62,71,158,20,98,11,6,132,87
31,115,78,108,59,82,139,29,26,38,47,66,107,147,58,110,3,34,102,44,24,150,108,109,71,96,33,78,127,85,148,100
89,55,79,90,101,109,5,54,25,131,7,136,21,18,95,125,78,24,138,97,39,151,106,113,94,4,62,127,16,18,139,79
136,77,158,58,142,134,128,137,159,123,153,143,119,3,94,141,102,60,43,152,47,143,96,9,128,103,126,142,111,78,7,138
102,57,142,32,5,61,123,55,54,65,41,32,98,23,8,48,63,42,94,100,128,5,78,83,41,126,61,111,28,80,16,132
152,118,37,63,79,154,3,132,73,143,51,18,31,4,113,21,29,92,132,13,34,124,92,149,7,151,152,150,23,114,100,49
63,108,74,12,12,2,124,91,50,82,159,74,88,21,101,95,137,152,157,69,91,130,29,138,59,26,58,86,88,141,57,82
0,65,127,103,117,29,128,73,106,89,109,83,31,9,153,94,0,61,96,41,75,147,101,79,38,75,150,35,99,101,35,77
132,141,76,62,15,44,16,117,95,95,34,97,119,141,130,2,30,111,52,20,45,119,148,119,83,150,18,82,77,70,127,85
118,85,107,142,15,34,65,62,66,101,137,53,55,1,71,143,148,47,45,156,81,32,29,106,87,71,150,1,55,117,46,137
133,77,49,88,97,141,139,124,77,88,110,138,6,7,27,94,132,105,110,8,158,157,51,100,75,85,79,135,63,13,135,145
118,39,15,15,119,7,133,123,95,99,22,20,10,36,18,90,138,22,136,43,144,29,39,7,52,96,93,95,99,20,82,121
71,67,101,100,74,94,90,7,13,141,157,27,142,105,93,60,94,64,51,38,137,20,138,105,144,54,149,85,62,108,81,117
97,149,98,53,139,134,72,47,117,133,44,126,153,30,54,33,19,119,78,147,149,59,107,53,56,49,98,11,143,135,34,13
158,154,133,115,121,108,48,92,3,52,68,31,116,6,2,43,98,130,57,121,40,87,32,32,35,141,43,75,21,81,124,71
65,125,114,26,41,107,55,50,50,35,66,79,42,145,138,12,106,114,89,117,151,144,93,63,128,155,34,73,58,82,98,6
87,42,64,69,37,34,126,48,61,57,119,3,44,41,141,72,78,151,9,62,61,84,123,131,42,123,119,138,75,84,55,108
61,149,101,132,90,157,58,30,84,55,9,129,17,150,39,21,47,111,101,93,78,38,21,141,55,19,2,117,41,83,43,11
119,152,6,29,10,2,92,99,113,9,54,119,43,15,12,89,134,5,83,52,13,73,81,116,75,76,18,114,141,154,49,116
124,159,32,94,56,104,42,134,66,121,78,48,134,107,17,153,101,130,22,14,56,135,133,74,50,159,122,40,82,154,49,91
0,25,29,18,5,36,25,23,27,4,52,89,85,119,30,100,3,0,48,19,70,13,76,78,80,143,35,13,7,110,135,100
43,110,18,10,124,59,9,35,8,97,17,9,38,92,133,105,35,86,49,81,83,18,145,88,105,56,105,153,47,136,24,146
23,93,121,132,46,5,47,8,22,6,104,154,70,95,113,133,97,71,112,27,125,41,79,25,99,43,128,75,13,150,155,81
129,47,68,114,127,2,34,150,151,28,32,103,156,3,85,117,108,56,46,75,143,17,138,115,113,87,11,64,156,9,103,109
48,73,149,39,110,74,44,29,18,102,159,22,21,130,62,38,92,25,22,19,149,17,145,14,55,100,155,37,48,34,36,0
85,140,124,37,142,52,136,125,153,40,112,30,11,120,11,34,77,148,62,98,43,13,21,48,63,87,103,36,149,100,47,103
59,44,126,73,144,144,11,40,88,89,131,157,93,148,133,71,88,27,41,105,100,11,42,35,135,114,124,118,126,37,14,140
143,44,104,139,91,149,68,21,132,146,68,32,65,35,129,99,103,5,95,98,101,67,77,58,26,17,104,64,51,33,64,17
69,26,31,157,27,46,134,56,131,106,100,56,1,115,79,131,103,47,59,137,32,138,7,103,8,19,71,131,19,158,102,131
78,51,71,13,106,71,72,53,24,52,113,74,46,158,1,104,149,119,111,48,16,151,37,5,83,88,50,158,49,131,62,8
11,13,117,100,53,78,147,127,115,118,76,133,44,105,77,15,77,110,14,27,66,70,119,41,118,29,62,8,117,21,78,58
51,155,22,93,34,79,33,150,58,80,12,48,137,28,27,20,2,9,116,137,120,133,64,70,45,113,13,85,36,54,151,30
56,21,150,85,156,9,157,159,128,104,45,141,139,78,126,85,113,129,113,46,11,120,105,20,97,29,60,126,87,11,43,59
60,139,142,105,112,44,56,102,86,107,38,38,74,129,84,84,72,94,148,145,127,139,105,108,122,51,134,109,153,118,98,62
28,109,7,17,71,159,16,47,80,63,60,2,19,4,144,148,42,102,88,155,56,16,18,13,155,34,30,4,91,25,153,0
135,150,53,16,138,100,48,128,56,28,103,15,31,65,92,104,123,88,109,3,11,21,159,137,146,30,97,76,73,90,147,123
44,95,57,39,0,84,126,71,68,75,77,27,64,141,43,14,37,147,42,68,59,145,5,128,6,28,142,12,39,29,95,17
94,155,94,118,146,103,77,116,18,119,97,95,7,113,1,60,71,76,45,104,105,92,16,48,113,13,100,31,79,37,11,65
99,91,54,9,157,128,120,105,72,72,32,137,66,8,10,59,79,16,47,49,87,144,3,116,13,83,9,130,42,60,155,56
123,23,134,108,154,68,108,61,36,60,131,103,78,114,51,56,42,102,119,48,54,87,121,42,129,45,78,110,21,133,14,48
133,41,7,21,144,146,17,46,9,159,153,148,105,71,144,147,7,63,48,44,84,77,148,69,61,152,119,25,69,148,59,15
106,1,23,148,91,137,60,157,29,60,68,17,97,51,114,92,133,104,62,62,121,11,6,94,31,143,102,52,75,23,83,119
34,110,86,88,103,50,26,38,118,11,94,103,121,92,118,129,75,146,127,155,20,113,28,117,120,26,87,104,155,140,19,121
30,63,31,91,158,80,158,108,108,8,85,15,70,87,15,151,63,20,76,106,88,47,7,119,151,105,65,158,52,129,100,150
15,26,8,1,139,104,147,32,132,51,138,135,32,18,54,144,29,130,61,91,108,30,55,57,53,151,104,24,110,126,158,118
89,55,129,121,97,124,114,122,51,155,91,143,59,18,106,141,159,139,70,28,157,148,7,142,1,14,94,128,16,24,9,68
143,56,98,61,32,129,57,23,20,151,121,153,91,21,8,120,9,90,137,128,89,22,2,71,34,32,16,11,36,90,3,39
150,87,31,148,25,33,127,19,38,30,39,143,66,103,145,12,71,32,135,69,17,121,19,132,52,129,149,138,55,12,2,38
137,146,18,110,18,132,40,57,66,25,114,141,123,41,45,126,20,96,83,145,31,53,9,54,50,59,159,141,29,145,1,82
17,98,30,45,85,107,9,154,134,22,147,109,84,49,29,27,127,54,148,142,153,11,77,56,121,51,97,24,115,99,66,65
93,48,84,120,93,93,77,76,50,13,59,29,150,90,79,29,112,25,8,28,116,89,90,122,136,44,127,98,135,38,107,79
40,1,85,119,109,19,159,125,23,3,9,45,126,143,52,31,40,19,77,90,80,71,27,85,102,148,141,148,139,113,39,15
52,129,85,69,116,61,19,68,64,92,101,57,94,71,67,28,57,72,61,0,13,23,64,98,153,98,37,82,48,29,18,130
38,54,24,86,58,131,37,15,75,33,69,47,76,71,71,4,30,67,38,30,54,142,98,151,126,124,15,12,51,43,61,74
142,138,88,69,69,121,35,29,5,73,67,135,54,106,77,57,115,140,45,130,31,6,101,91,138,131,141,123,115,63,89,78
13,117,23,31,109,69,28,43,107,92,151,34,135,24,13,23,111,147,20,17,82,131,16,15,114,109,104,118,123,77,108,51
90,56,138,17,154,48,118,67,113,157,24,107,110,30,85,60,158,130,143,33,66,96,16,18,30,48,159,85,87,142,88,64
118,1,153,76,151,116,95,44,58,19,98,36,91,16,110,110,130,110,108,141,52,48,51,148,144,155,158,74,20,150,17,74
120,5,3,19,98,66,152,56,155,84,41,38,83,114,121,37,134,82,51,158,114,117,54,7,144,152,71,26,82,148,80,86
15,115,154,0,37,146,79,141,67,17,16,147,1,53,6,113,39,124,98,17,68,54,106,133,9,47,35,155,144,65,16,86
90,46,45,21,26,143,121,71,18,126,39,51,96,67,29,18,66,66,46,56,84,102,109,120,55,109,114,16,66,73,10,96
94,16,83,57,29,109,104,140,6,45,42,65,110,79,60,141,44,1,93,130,80,158,84,4,156,58,71,39,45,64,85,62
147,1,142,3,107,110,48,90,86,103,151,134,108,62,144,17,101,110,43,61,94,136,113,130,49,45,70,102,61,7,147,150
55,102,31,88,110,59,124,69,36,83,114,74,40,113,65,138,11,52,15,84,120,77,136,3,7,48,122,119,51,92,94,95
103,44,139,93,101,8,75,83,150,156,150,144,85,109,138,50,83,53,14,134,12,144,16,40,157,29,16,86,2,101,158,105
3,4,96,84,91,49,23,29,2,19,18,93,43,54,118,64,152,113,92,64,121,45,4,28,60,101,144,147,54,30,88,138
136,143,23,126,132,90,159,90,35,29,96,42,54,110,158,52,10,108,116,50,66,134,92,112,22,77,156,14,15,113,58,71
117,51,132,20,9,137,49,79,55,63,37,53,89,77,55,69,112,41,32,39,155,118,126,90,75,1,24,27,126,79,62,138
91,78,45,143,118,150,54,151,8,126,29,104,99,18,116,41,5,82,19,137,108,52,108,29,142,106,99,93,98,13,144,19
31,35,96,77,152,84,14,74,114,43,112,159,49,117,38,23,104,43,131,156,137,29,55,108,101,133,26,55,35,35,89,49
56,40,141,106,13,111,151,127,12,0,58,153,108,4,65,130,122,106,148,24,142,12,76,98,35,0,94,50,6,51,154,106
20,107,30,38,65,40,40,43,144,76,88,25,51,134,159,155,138,4,155,126,67,128,78,34,135,147,113,49,54,133,101,69
117,55,38,98,116,13,85,117,44,140,38,105,103,13,76,84,4,70,129,24,139,127,20,122,140,64,0,105,127,5,110,148
108,29,14,6,77,128,44,18,70,86,51,75,139,64,131,79,127,57,27,47,18,150,122,135,155,99,33,4,3,60,120,3
22,118,17,66,78,24,8,145,54,130,20,12,143,3,132,30,77,22,95,78,31,67,117,22,143,9,54,92,50,104,140,145
105,118,26,122,30,39,148,46,27,50,94,51,90,148,123,24,33,107,31,148,13,25,148,122,115,35,128,146,103,103,154,99
103,136,14,155,117,55,121,136,154,28,62,38,56,149,124,159,149,75,13,157,24,97,158,92,45,59,111,155,121,94,96,88
54,109,35,125,146,150,61,142,159,64,158,148,107,18,21,39,28,16,13,4,30,138,57,94,23,71,79,71,138,25,38,78
96,41,29,102,37,27,149,66,127,68,58,102,82,111,43,155,95,69,135,67,92,153,62,5,39,101,152,46,85,17,140,100
55,30,9,150,154,54,82,157,108,123,83,92,77,151,74,83,23,36,135,89,81,28,155,49,89,93,5,155,39,107,69,31
26,104,16,79,115,1,76,114,104,110,53,44,67,110,141,127,76,37,154,44,14,94,112,4,70,68,105,86,132,96,102,40
110,156,97,101,109,4,86,113,0,67,120,3,56,72,51,132,48,41,133,69,99,28,119,122,141,114,70,14,47,26,45,49
149,125,36,63,3,55,11,117,78,99,95,130,130,130,90,65,64,151,4,158,111,129,104,97,74,9,19,152,96,9,75,101
158,129,57,106,34,74,39,92,71,25,151,108,137,21,41,123,130,38,142,131,90,82,114,62,150,61,135,20,151,105,14,8
135,155,70,8,45,22,52,80,159,157,30,3,35,106,70,110,44,32,0,94,25,24,123,129,46,3,141,118,73,96,67,77
48,45,102,128,145,32,72,42,76,110,61,141,99,40,98,86,31,143,97,55,57,97,152,40,80,35,62,13,98,113,29,109
64,36,17,95,142,67,1,120,152,25,46,93,60,142,86,49,123,99,24,3,22,78,69,105,53,60,17,103,82,98,120,30
90,37,32,101,144,41,67,76,132,57,62,35,118,117,25,103,108,37,79,87,92,14,30,91,131,13,56,110,40,15,49,85
95,31,54,6,135,75,17,79,56,12,86,77,93,17,116,129,120,124,132,34,29,50,131,139,101,27,116,127,148,152,148,118
112,126,90,6,74,42,100,97,15,131,156,74,38,30,61,25,92,7,5,96,67,147,2,84,97,100,77,11,40,138,82,90
44,129,96,109,154,41,89,65,103,75,67,89,100,54,96,63,114,66,42,82,11,128,138,36,116,102,135,131,97,5,43,126
149,72,47,59,47,128,23,33,64,138,57,30,67,56,86,91,133,12,8,116,132,138,51,154,95,10,71,17,12,81,49,89
9,46,156,89,116,62,104,120,88,47,149,131,24,43,55,8,48,51,16,87,127,56,66,42,67,74,112,95,91,124,6,99
16,158,151,43,106,142,107,26,35,73,17,5,41,134,18,140,102,27,55,93,115,68,15,74,1,30,14,134,148,43,101,135
4,97,134,154,152,148,9,64,155,79,126,132,131,15,48,134,7,51,119,53,78,79,159,71,72,83,16,16,145,2,80,64
45,131,125,103,142,51,32,49,5,92,65,105,153,116,93,112,42,30,122,142,108,116,51,97,85,138,139,118,63,41,25,100
114,128,109,88,2,94,153,126,50,16,121,119,27,154,80,93,153,20,30,128,111,134,85,137,93,17,127,92,118,116,107,123
59,47,147,124,116,85,38,153,110,46,149,51,28,41,96,44,68,126,61,146,146,8,13,78,40,83,158,148,23,63,101,39
23,100,49,81,111,45,105,128,125,115,33,147,46,29,129,31,136,108,37,11,133,96,55,47,47,16,65,78,139,92,96,149
128,96,134,114,12,65,114,39,69,128,22,13,19,109,84,84,4,2,143,61,28,136,118,88,89,106,15,27,6,30,91,102
66,55,8,95,79,132,93,146,119,90,101,25,70,49,112,39,125,138,7,42,86,79,110,137,97,14,69,77,128,40,127,139
155,42,69,84,24,111,50,41,94,91,132,56,57,22,53,143,109,17,130,150,156,149,51,112,69,88,4,140,133,50,32,5
157,147,104,53,95,24,60,106,146,153,89,110,39,155,113,65,37,77,118,34,36,30,85,60,151,66,127,25,155,143,19,4
6,108,102,98,90,135,55,115,74,85,74,15,22,150,52,107,149,57,89,103,6,59,23,124,92,19,72,115,25,149,27,55
144,154,104,56,96,155,89,31,157,112,18,157,17,111,60,15,116,41,138,44,144,147,54,113,127,38,88,74,84,54,69,101
85,135,75,73,11,69,75,60,148,44,30,31,132,26,24,39,32,143,72,89,5,4,133,58,154,25,20,132,134,32,82,45
64,76,145,55,69,113,69,18,13,64,80,19,134,94,110,134,111,142,118,46,130,28,48,111,60,79,2,96,155,104,25,50
151,106,39,72,88,92,131,11,126,49,33,134,45,111,102,39,57,70,104,144,41,109,98,20,117,22,116,119,146,74,95,63
63,24,51,21,85,46,73,7,152,71,8,134,133,15,31,109,132,81,25,23,146,52,89,65,43,28,146,137,39,47,117,68
22,97,26,68,37,11,23,89,109,118,153,87,125,132,7,115,38,12,100,137,120,70,21,137,16,157,104,39,91,84,130,2
32,84,98,50,11,111,18,126,54,31,71,81,138,126,80,20,2,107,14,84,2,79,155,90,17,86,142,132,128,124,62,43
2,102,132,67,37,34,88,23,18,115,3,157,143,54,98,154,57,93,110,63,49,43,86,93,70,104,96,51,52,10,105,30
61,79,100,58,61,49,129,37,112,17,24,16,128,31,18,135,46,86,120,87,72,80,23,154,27,52,98,87,117,17,147,133
63,152,151,126,25,136,52,121,2,117,116,95,73,115,124,2,113,108,134,128,158,51,41,74,109,45,65,139,141,22,31,92
129,88,16,36,113,111,129,90,79,87,158,98,77,26,48,14,13,158,58,57,126,77,95,154,115,29,15,20,2,82,154,3
103,156,2,52,112,70,113,133,79,140,10,64,74,72,159,86,107,89,126,88,105,115,52,38,115,14,47,45,11,27,27,28
63,3,96,132,69,8,56,73,138,153,157,68,107,116,158,135,118,38,69,23,138,16,59,133,136,129,119,71,59,87,29,54
27,110,135,101,130,96,128,105,129,16,159,132,139,114,97,111,23,154,9,24,45,126,106,9,118,39,25,13,0,98,18,6
56,11,0,22,129,92,28,100,84,108,26,93,159,51,30,13,29,18,129,99,5,5,129,17,129,67,83,150,116,139,20,11
96,105,121,60,114,111,119,25,7,58,28,144,76,131,133,11,156,49,44,34,124,32,37,111,47,128,79,28,24,106,93,156
15,71,90,131,151,5,81,44,149,99,150,134,18,18,116,64,115,61,111,138,45,129,147,128,0,137,130,87,22,133,8,143
100,115,71,27,73,45,124,67,102,91,19,45,131,5,65,90,128,148,145,28,79,65,155,61,56,129,32,63,53,112,91,65
81,126,139,31,28,59,142,105,26,112,120,152,42,103,113,30,128,97,119,112,156,122,81,86,11,9,74,55,108,131,56,56
158,7,9,102,127,59,126,129,129,110,52,39,159,82,157,71,158,26,34,102,58,143,136,39,53,68,53,38,158,137,123,45
3,45,5,11,25,98,115,125,147,113,116,73,7,94,111,56,49,114,18,43,126,45,1,77,32,54,71,20,120,149,83,5
64,21,82,85,99,47,148,142,133,62,103,145,152,89,9,3,54,131,137,122,132,16,153,58,153,154,93,28,97,48,147,43
66,147,89,114,12,83,103,38,149,84,45,132,21,141,4,42,124,110,19,54,41,77,112,2,111,32,85,135,96,56,52,98
99,141,67,159,76,26,2,41,93,99,38,19,143,150,159,29,83,9,127,88,83,110,13,118,147,65,105,39,14,110,12,15
41,144,50,84,131,54,109,88,86,42,121,93,111,157,32,103,75,65,69,122,103,37,153,47,17,66,27,39,100,154,71,145
119,122,58,31,149,112,17,107,18,4,19,43,111,91,16,42,158,143,77,155,94,12,52,30,140,150,47,143,34,111,98,9
70,12,84,54,118,95,136,7,128,25,132,124,63,101,51,31,95,151,82,87,48,71,30,123,115,136,25,10,16,79,26,147
9,14,159,54,67,102,92,44,134,101,92,103,59,17,76,36,70,118,120,47,142,127,16,34,82,32,115,77,2,123,58,63
104,125,88,55,17,120,144,25,64,54,91,71,101,87,82,119,122,32,51,73,11,145,147,4,149,118,143,116,130,147,97,40
156,114,35,66,39,137,125,58,17,50,128,94,59,97,117,93,120,129,72,0,23,30,15,154,50,42,130,158,94,157,137,121
54,61,113,16,159,124,107,29,131,87,66,29,128,100,129,101,58,75,148,39,109,6,126,19,136,69,133,128,8,116,109,140
